source_id,group,title,required_for_minimum,method,url,local_path,status,bytes,sha256,content_type,final_url,notes,error,started_at,finished_at
reps_sedes_c36g_9fc2,minsalud_reps,Registro Especial de Prestadores y Sedes de Servicios de Salud,True,direct,https://www.datos.gov.co/resource/c36g-9fc2.csv?%24limit=100000,minsalud_reps/reps_sedes_c36g_9fc2.csv,ok,32191578,249668c179092d6b15590f84cc00f3d41851749d67929e892e26f4603739af52,text/csv; charset=UTF-8,https://www.datos.gov.co/resource/c36g-9fc2.csv?%24limit=100000,No contiene coordenadas; se usa como padrón nacional de sedes/prestadores.,,2026-05-29T19:33:21-0500,2026-05-29T19:33:56-0500
reps_prestadores_kjjp_kasm,minsalud_reps,"Número de prestadores por departamento, clase, año y naturaleza jurídica",True,direct,https://www.datos.gov.co/resource/kjjp-kasm.csv?%24limit=5000,minsalud_reps/reps_prestadores_departamento_clase_naturaleza_kjjp_kasm.csv,ok,84069,2491aecf6c7cdbea398aa613e16040d4d4a14f6cd8e3b2ef4692b0abba88df2f,text/csv; charset=UTF-8,https://www.datos.gov.co/resource/kjjp-kasm.csv?%24limit=5000,Agregado oficial complementario para oferta territorial.,,2026-05-29T19:33:56-0500,2026-05-29T19:33:57-0500
reps_capacidad_instalada_minsalud,minsalud_reps,Servicios y capacidad instalada de IPS por departamento/distrito y naturaleza jurídica,True,direct,https://www.minsalud.gov.co/sites/rid/Lists/BibliotecaDigital/RIDE/VS/PSA/reporte-consolidado-departamento-naturaleza-ano-capacidad.zip,minsalud_reps/reporte_consolidado_departamento_naturaleza_ano_capacidad.zip,ok,44763,550d12766d047ea85344a73e5c18e8b6faba94117d704c008db077158f912a11,application/x-zip-compressed,https://www.minsalud.gov.co/sites/rid/Lists/BibliotecaDigital/RIDE/VS/PSA/reporte-consolidado-departamento-naturaleza-ano-capacidad.zip,ZIP enlazado desde SISPRO/Minsalud.,,2026-05-29T19:33:57-0500,2026-05-29T19:52:06-0500
rips_salud_mental_f_2019_2021,minsalud_rips,RIPS 2019-2021 filtrado a diagnósticos CIE-10 F*,True,direct,https://www.datos.gov.co/resource/5e6c-5p2c.csv?%24limit=600000&%24where=diagnostico+like+%27F%25%27,minsalud_rips/rips_salud_mental_f_2019_2021_5e6c_5p2c.csv,ok,68576998,fa9a0cf48e20b226f4d978e60bdba8adc4b7f421a019b6c321014e8506b147a7,text/csv; charset=UTF-8,https://www.datos.gov.co/resource/5e6c-5p2c.csv?%24limit=600000&%24where=diagnostico+like+%27F%25%27,"Dataset agregado en datos.gov.co; cubre 2019-2021, no 2022-2025.",,2026-05-29T19:33:58-0500,2026-05-29T19:36:07-0500
sivigila_intento_suicidio_2021,ins_sivigila,"SIVIGILA microdato intento de suicidio evento 356, 2021",True,direct,https://portalsivigila.ins.gov.co/Microdatos/Datos_2021_356.xls,ins_sivigila/Datos_2021_356.xls,ok,32646144,d9f6f5130fbbc8331c4bb83b8474c055f73e82be6228fc26d1eea88f4870427c,application/vnd.ms-excel,https://portalsivigila.ins.gov.co/Microdatos/Datos_2021_356.xls,Descarga directa encontrada en el buscador oficial del INS/SIVIGILA.,,2026-05-29T19:36:07-0500,2026-05-29T19:36:09-0500
sivigila_intento_suicidio_2022,ins_sivigila,"SIVIGILA microdato intento de suicidio evento 356, 2022",True,direct,https://portalsivigila.ins.gov.co/Microdatos/Datos_2022_356.xls,ins_sivigila/Datos_2022_356.xls,ok,40869888,98cd17a913f578a7e2ad9ab6059fc07d5e53d2f1d3da05d03be783ef3dd2d632,application/vnd.ms-excel,https://portalsivigila.ins.gov.co/Microdatos/Datos_2022_356.xls,Descarga directa encontrada en el buscador oficial del INS/SIVIGILA.,,2026-05-29T19:36:09-0500,2026-05-29T19:36:24-0500
sivigila_intento_suicidio_2023,ins_sivigila,"SIVIGILA microdato intento de suicidio evento 356, 2023",True,direct,https://portalsivigila.ins.gov.co/Microdatos/Datos_2023_356.xlsx,ins_sivigila/Datos_2023_356.xlsx,ok,13957727,8f20d9397d756e0143653c4138f535be2f52b233cabba242948f729832caee6e,application/vnd.openxmlformats-officedocument.spreadsheetml.sheet,https://portalsivigila.ins.gov.co/Microdatos/Datos_2023_356.xlsx,Descarga directa encontrada en el buscador oficial del INS/SIVIGILA.,,2026-05-29T19:36:24-0500,2026-05-29T19:36:25-0500
sivigila_intento_suicidio_2024,ins_sivigila,"SIVIGILA microdato intento de suicidio evento 356, 2024",True,direct,https://portalsivigila.ins.gov.co/Microdatos/Datos_2024_356.xlsx,ins_sivigila/Datos_2024_356.xlsx,ok,12921920,8f2567475da33f573c6652c561ad3fa4fdcb24ffaad015d8fe808f3d3918d198,application/vnd.openxmlformats-officedocument.spreadsheetml.sheet,https://portalsivigila.ins.gov.co/Microdatos/Datos_2024_356.xlsx,Descarga directa encontrada en el buscador oficial del INS/SIVIGILA.,,2026-05-29T19:36:25-0500,2026-05-29T19:36:26-0500
dane_poblacion_municipal_area_2018_2042,dane,DANE proyecciones municipales por área 2018-2042,True,direct,https://www.dane.gov.co/files/censo2018/proyecciones-de-poblacion/Municipal/PPED-AreaMun-2018-2042_VP.xlsx,dane/PPED_AreaMun_2018_2042_VP.xlsx,ok,3948350,1ea83594ad308becff39934a3977c102919c25740f60439be95d797396d11283,application/vnd.openxmlformats-officedocument.spreadsheetml.sheet,https://www.dane.gov.co/files/censo2018/proyecciones-de-poblacion/Municipal/PPED-AreaMun-2018-2042_VP.xlsx,,,2026-05-29T19:36:26-0500,2026-05-29T19:36:27-0500
dane_poblacion_municipal_area_sexo_edad_2018_2042,dane,"DANE proyecciones municipales por área, sexo y edad 2018-2042",True,direct,https://www.dane.gov.co/files/censo2018/proyecciones-de-poblacion/Municipal/PPED-AreaSexoEdadMun-2018-2042_VP.xlsx,dane/PPED_AreaSexoEdadMun_2018_2042_VP.xlsx,ok,131609579,7e461635315664d44ba52cc7f951947085a0ea6f2dda72fe2efed11a76880516,application/vnd.openxmlformats-officedocument.spreadsheetml.sheet,https://www.dane.gov.co/files/censo2018/proyecciones-de-poblacion/Municipal/PPED-AreaSexoEdadMun-2018-2042_VP.xlsx,,,2026-05-29T19:36:27-0500,2026-05-29T19:36:39-0500
dane_ipm_nacional_2025,dane,DANE pobreza multidimensional anexo nacional 2025,True,direct,https://www.dane.gov.co/files/operaciones/PM/anex-PMultidimensional-2025.xlsx,dane/anex_PMultidimensional_2025.xlsx,ok,449869,ae59a747adab22bb06fdd724262c0bcded0a9b256d477a1f0c366fbab00d09c0,application/vnd.openxmlformats-officedocument.spreadsheetml.sheet,https://www.dane.gov.co/files/operaciones/PM/anex-PMultidimensional-2025.xlsx,,,2026-05-29T19:36:39-0500,2026-05-29T19:36:39-0500
dane_ipm_departamental_2025,dane,DANE pobreza multidimensional anexo departamental 2025,True,direct,https://www.dane.gov.co/files/operaciones/PM/anex-PMultidimensional-Departamental-2025.xlsx,dane/anex_PMultidimensional_Departamental_2025.xlsx,ok,482244,73caab08046d6b35f80326b1b6f2e9b1cb8ad75a2ac4946515fda320ffaaf447,application/vnd.openxmlformats-officedocument.spreadsheetml.sheet,https://www.dane.gov.co/files/operaciones/PM/anex-PMultidimensional-Departamental-2025.xlsx,,,2026-05-29T19:36:39-0500,2026-05-29T19:36:39-0500
dane_mgn_municipio_2025_geojson,dane,"DANE MGN 2025 capa municipio, GeoJSON desde FeatureServer",True,arcgis_geojson,https://geoportal.dane.gov.co/mparcgis/rest/services/MGN2025/Serv_CapasMGN_2025/FeatureServer/317/query?where=1%3D1&outFields=%2A&outSR=4326&returnGeometry=true&f=geojson&resultRecordCount=2000,dane/MGN2025_municipio_317.geojson,ok,256093934,3f262f024000fb8a4d9f091aca29136f4beb14beb9cf9d980c4e882926caa558,application/geo+json,ArcGIS objectIds batched query; features=1122,Capa Municipio (317) del servicio oficial MGN2025; evita descargar el ZIP completo de 1.5 GB.,,2026-05-29T19:36:40-0500,2026-05-29T19:55:48-0500
saludata_conducta_suicida_bogota,saludata_bogota,SaluData Bogotá conducta suicida,False,direct,https://datosabiertos.bogota.gov.co/dataset/2b8464e3-3aca-4dcd-91a1-93dd06ddabbb/resource/555a3bea-e358-4e77-be49-7b448774324b/download/osb_salud_mental_ideacion_e_intento.csv,saludata_bogota/osb_salud_mental_ideacion_e_intento.csv,ok,31841499,98a11c890db3bcd078faf08d4f7dd341d2f1c02b4d2b869309607405d562ac27,text/csv,https://datosabiertos.bogota.gov.co/dataset/2b8464e3-3aca-4dcd-91a1-93dd06ddabbb/resource/555a3bea-e358-4e77-be49-7b448774324b/download/osb_salud_mental_ideacion_e_intento.csv,Capa para piloto Bogotá localidad/UPZ.,,2026-05-29T19:36:40-0500,2026-05-29T19:37:19-0500
saludata_morbilidad_salud_mental_ficha,saludata_bogota,Ficha técnica SaluData morbilidad atendida salud mental,False,direct,https://saludata.saludcapital.gov.co/osb/wp-content/uploads/2024/09/2023_12_14_Ficha_Tec_Morbilidad_atendida_Salud-Mental_Tablero-v1-1.pdf,saludata_bogota/ficha_tecnica_morbilidad_atendida_salud_mental.pdf,ok,278020,42d62efcb3c360e9661fa74e8818355916bc156ffc3cffbccefc528b503970d2,application/pdf,https://saludata.saludcapital.gov.co/osb/wp-content/uploads/2024/09/2023_12_14_Ficha_Tec_Morbilidad_atendida_Salud-Mental_Tablero-v1-1.pdf,Documenta variables del tablero de morbilidad atendida.,,2026-05-29T19:37:20-0500,2026-05-29T19:52:07-0500
aerocivil_trafico_origen_destino_gb6w_ynu4,aerocivil,Transporte aéreo comercial tráfico origen-destino Colombia,False,direct,https://www.datos.gov.co/resource/gb6w-ynu4.csv?%24limit=500000,aerocivil/trafico_origen_destino_gb6w_ynu4.csv,ok,72696425,24f96ac935e52810c19e058105218de247f8f872cb259e4f79c81046573b7560,text/csv,paged Socrata rid gb6w-ynu4; rows=455787,Capa opcional para conectividad aérea en territorios remotos.,,2026-05-29T19:37:20-0500,2026-05-29T19:54:06-0500
aerocivil_operaciones_jh8x_n6h6,aerocivil,Operaciones aéreas acumuladas en Colombia,False,direct,https://www.datos.gov.co/resource/jh8x-n6h6.csv?%24limit=600000,aerocivil/operaciones_aereas_jh8x_n6h6.csv,ok,37688594,485142ec650514456ee212e730d23153c40afd72d06ea902993383181216ba7b,text/csv; charset=UTF-8,https://www.datos.gov.co/resource/jh8x-n6h6.csv?%24limit=600000,Capa opcional para sensibilidad de conectividad aérea.,,2026-05-29T19:37:45-0500,2026-05-29T19:38:39-0500
osm_colombia_latest_pbf,osm,OpenStreetMap Colombia extract Geofabrik latest,True,direct,https://download.geofabrik.de/south-america/colombia-latest.osm.pbf,osm/colombia-latest.osm.pbf,ok,315272834,a3c9595c2bf79f918106d6245b5699749925f358c2972a56008467252339b4a3,application/octet-stream,https://download.geofabrik.de/south-america/colombia-260529.osm.pbf,Base para tiempos de viaje OSRM/OSMnx. Tamaño aproximado el 2026-05-29: 315 MB.,,2026-05-29T19:38:39-0500,2026-05-29T19:49:42-0500
osm_colombia_poly,osm,OpenStreetMap Colombia polygon Geofabrik,False,direct,https://download.geofabrik.de/south-america/colombia.poly,osm/colombia.poly,ok,7115,9e6a3cff560d39efc59fb07f4f8b71a8ea95a73638b2b5ca743fe88cfa8cfebf,,https://download.geofabrik.de/south-america/colombia.poly,Límite auxiliar del extracto Geofabrik.,,2026-05-29T19:49:43-0500,2026-05-29T19:49:43-0500
