cod_mpio,sedes_reps,prestadores_reps,reps_rows,sedes_ips_reps,sedes_publicas_reps,sedes_privadas_reps,fecha_corte_reps
05001,10056,8077,10056,1200,83,9968,Fecha corte REPS: Mar 12 2026  3:11PM
05002,20,17,20,4,4,16,Fecha corte REPS: Mar 12 2026  3:11PM
05004,1,1,1,1,1,0,Fecha corte REPS: Mar 12 2026  3:11PM
05021,2,2,2,1,1,1,Fecha corte REPS: Mar 12 2026  3:11PM
05030,40,40,40,6,1,39,Fecha corte REPS: Mar 12 2026  3:11PM
05031,21,21,21,2,1,20,Fecha corte REPS: Mar 12 2026  3:11PM
05034,75,67,75,15,7,68,Fecha corte REPS: Mar 12 2026  3:11PM
05036,3,3,3,1,1,2,Fecha corte REPS: Mar 12 2026  3:11PM
05038,3,3,3,1,1,2,Fecha corte REPS: Mar 12 2026  3:11PM
05040,14,13,14,3,2,12,Fecha corte REPS: Mar 12 2026  3:11PM
05042,48,45,48,6,3,45,Fecha corte REPS: Mar 12 2026  3:11PM
05044,4,4,4,1,1,3,Fecha corte REPS: Mar 12 2026  3:11PM
05045,222,189,222,76,0,221,Fecha corte REPS: Mar 12 2026  3:11PM
05051,19,19,19,6,1,18,Fecha corte REPS: Mar 12 2026  3:11PM
05055,2,2,2,1,1,1,Fecha corte REPS: Mar 12 2026  3:11PM
05059,2,2,2,1,1,1,Fecha corte REPS: Mar 12 2026  3:11PM
05079,72,69,72,6,1,71,Fecha corte REPS: Mar 12 2026  3:11PM
05086,6,6,6,1,1,5,Fecha corte REPS: Mar 12 2026  3:11PM
05088,569,510,569,95,11,558,Fecha corte REPS: Mar 12 2026  3:11PM
05091,6,6,6,1,1,5,Fecha corte REPS: Mar 12 2026  3:11PM
05093,8,7,8,2,2,6,Fecha corte REPS: Mar 12 2026  3:11PM
05101,40,37,40,5,3,37,Fecha corte REPS: Mar 12 2026  3:11PM
05107,7,4,7,4,4,3,Fecha corte REPS: Mar 12 2026  3:11PM
05113,3,3,3,2,1,2,Fecha corte REPS: Mar 12 2026  3:11PM
05120,6,5,6,2,2,4,Fecha corte REPS: Mar 12 2026  3:11PM
05125,10,10,10,1,1,9,Fecha corte REPS: Mar 12 2026  3:11PM
05129,151,142,151,13,2,149,Fecha corte REPS: Mar 12 2026  3:11PM
05134,3,3,3,1,1,2,Fecha corte REPS: Mar 12 2026  3:11PM
05138,6,6,6,1,1,5,Fecha corte REPS: Mar 12 2026  3:11PM
05142,2,2,2,1,1,1,Fecha corte REPS: Mar 12 2026  3:11PM
05145,8,8,8,1,1,7,Fecha corte REPS: Mar 12 2026  3:11PM
05147,37,31,37,17,4,33,Fecha corte REPS: Mar 12 2026  3:11PM
05148,138,133,138,4,1,137,Fecha corte REPS: Mar 12 2026  3:11PM
05150,4,4,4,1,1,3,Fecha corte REPS: Mar 12 2026  3:11PM
05154,138,120,138,34,1,137,Fecha corte REPS: Mar 12 2026  3:11PM
05172,48,41,48,12,1,47,Fecha corte REPS: Mar 12 2026  3:11PM
05190,5,5,5,3,1,4,Fecha corte REPS: Mar 12 2026  3:11PM
05197,8,8,8,1,1,7,Fecha corte REPS: Mar 12 2026  3:11PM
05206,6,6,6,1,1,5,Fecha corte REPS: Mar 12 2026  3:11PM
05209,30,30,30,3,1,29,Fecha corte REPS: Mar 12 2026  3:11PM
05212,137,132,137,10,1,136,Fecha corte REPS: Mar 12 2026  3:11PM
05234,13,13,13,2,1,12,Fecha corte REPS: Mar 12 2026  3:11PM
05237,36,34,36,2,1,35,Fecha corte REPS: Mar 12 2026  3:11PM
05240,5,4,5,2,2,3,Fecha corte REPS: Mar 12 2026  3:11PM
05250,25,22,25,7,3,22,Fecha corte REPS: Mar 12 2026  3:11PM
05264,26,26,26,3,1,25,Fecha corte REPS: Mar 12 2026  3:11PM
05266,929,849,929,100,7,921,Fecha corte REPS: Mar 12 2026  3:11PM
05282,25,25,25,4,1,24,Fecha corte REPS: Mar 12 2026  3:11PM
05284,24,20,24,5,4,20,Fecha corte REPS: Mar 12 2026  3:11PM
05306,6,6,6,1,1,5,Fecha corte REPS: Mar 12 2026  3:11PM
05308,92,87,92,7,1,91,Fecha corte REPS: Mar 12 2026  3:11PM
05310,8,8,8,2,2,6,Fecha corte REPS: Mar 12 2026  3:11PM
05313,9,9,9,2,1,8,Fecha corte REPS: Mar 12 2026  3:11PM
05315,3,3,3,2,2,1,Fecha corte REPS: Mar 12 2026  3:11PM
05318,81,78,81,11,1,80,Fecha corte REPS: Mar 12 2026  3:11PM
05321,13,13,13,1,1,12,Fecha corte REPS: Mar 12 2026  3:11PM
05347,2,2,2,1,1,1,Fecha corte REPS: Mar 12 2026  3:11PM
05353,9,9,9,2,1,8,Fecha corte REPS: Mar 12 2026  3:11PM
05360,470,420,470,55,5,465,Fecha corte REPS: Mar 12 2026  3:11PM
05361,10,9,10,2,2,8,Fecha corte REPS: Mar 12 2026  3:11PM
05364,49,47,49,2,2,47,Fecha corte REPS: Mar 12 2026  3:11PM
05368,32,32,32,2,1,31,Fecha corte REPS: Mar 12 2026  3:11PM
05376,197,189,197,16,1,196,Fecha corte REPS: Mar 12 2026  3:11PM
05380,80,75,80,12,3,77,Fecha corte REPS: Mar 12 2026  3:11PM
05390,4,4,4,1,1,3,Fecha corte REPS: Mar 12 2026  3:11PM
05400,52,51,52,8,1,51,Fecha corte REPS: Mar 12 2026  3:11PM
05411,2,2,2,1,1,1,Fecha corte REPS: Mar 12 2026  3:11PM
05425,2,2,2,1,1,1,Fecha corte REPS: Mar 12 2026  3:11PM
05440,198,174,198,7,1,197,Fecha corte REPS: Mar 12 2026  3:11PM
05467,4,4,4,1,1,3,Fecha corte REPS: Mar 12 2026  3:11PM
05475,1,1,1,1,1,0,Fecha corte REPS: Mar 12 2026  3:11PM
05480,2,2,2,1,1,1,Fecha corte REPS: Mar 12 2026  3:11PM
05483,3,2,3,2,2,1,Fecha corte REPS: Mar 12 2026  3:11PM
05490,45,37,45,17,8,37,Fecha corte REPS: Mar 12 2026  3:11PM
05495,6,6,6,2,1,5,Fecha corte REPS: Mar 12 2026  3:11PM
05501,2,1,2,2,2,0,Fecha corte REPS: Mar 12 2026  3:11PM
05541,33,33,33,1,1,32,Fecha corte REPS: Mar 12 2026  3:11PM
05543,4,4,4,1,1,3,Fecha corte REPS: Mar 12 2026  3:11PM
05576,16,16,16,1,1,15,Fecha corte REPS: Mar 12 2026  3:11PM
05579,44,42,44,9,0,44,Fecha corte REPS: Mar 12 2026  3:11PM
05585,6,5,6,2,2,4,Fecha corte REPS: Mar 12 2026  3:11PM
05591,17,17,17,4,1,16,Fecha corte REPS: Mar 12 2026  3:11PM
05604,18,18,18,2,1,17,Fecha corte REPS: Mar 12 2026  3:11PM
05607,64,61,64,8,0,64,Fecha corte REPS: Mar 12 2026  3:11PM
05615,902,801,902,139,3,899,Fecha corte REPS: Mar 12 2026  3:11PM
05628,2,2,2,1,1,1,Fecha corte REPS: Mar 12 2026  3:11PM
05631,402,378,402,51,1,400,Fecha corte REPS: Mar 12 2026  3:11PM
05642,19,19,19,2,1,18,Fecha corte REPS: Mar 12 2026  3:11PM
05647,6,6,6,1,1,5,Fecha corte REPS: Mar 12 2026  3:11PM
05649,13,12,13,4,2,11,Fecha corte REPS: Mar 12 2026  3:11PM
05652,3,3,3,1,1,2,Fecha corte REPS: Mar 12 2026  3:11PM
05656,19,19,19,2,1,18,Fecha corte REPS: Mar 12 2026  3:11PM
05658,3,3,3,1,1,2,Fecha corte REPS: Mar 12 2026  3:11PM
05659,11,11,11,1,1,10,Fecha corte REPS: Mar 12 2026  3:11PM
05660,18,18,18,1,1,17,Fecha corte REPS: Mar 12 2026  3:11PM
05664,57,55,57,7,3,54,Fecha corte REPS: Mar 12 2026  3:11PM
05665,6,6,6,4,1,5,Fecha corte REPS: Mar 12 2026  3:11PM
05667,17,15,17,5,3,14,Fecha corte REPS: Mar 12 2026  3:11PM
05670,17,16,17,3,2,15,Fecha corte REPS: Mar 12 2026  3:11PM
05674,24,24,24,1,0,24,Fecha corte REPS: Mar 12 2026  3:11PM
05679,11,11,11,1,1,10,Fecha corte REPS: Mar 12 2026  3:11PM
05686,64,63,64,6,0,63,Fecha corte REPS: Mar 12 2026  3:11PM
05690,6,5,6,2,2,4,Fecha corte REPS: Mar 12 2026  3:11PM
05697,75,71,75,7,1,74,Fecha corte REPS: Mar 12 2026  3:11PM
05736,51,50,51,8,2,49,Fecha corte REPS: Mar 12 2026  3:11PM
05756,56,49,56,6,3,53,Fecha corte REPS: Mar 12 2026  3:11PM
05761,9,9,9,1,1,8,Fecha corte REPS: Mar 12 2026  3:11PM
05789,16,16,16,2,1,15,Fecha corte REPS: Mar 12 2026  3:11PM
05790,10,10,10,1,1,9,Fecha corte REPS: Mar 12 2026  3:11PM
05792,5,5,5,1,1,4,Fecha corte REPS: Mar 12 2026  3:11PM
05809,4,4,4,1,1,3,Fecha corte REPS: Mar 12 2026  3:11PM
05819,5,5,5,2,2,3,Fecha corte REPS: Mar 12 2026  3:11PM
05837,97,70,97,44,14,83,Fecha corte REPS: Mar 12 2026  3:11PM
05842,2,2,2,1,1,1,Fecha corte REPS: Mar 12 2026  3:11PM
05847,68,59,68,1,1,67,Fecha corte REPS: Mar 12 2026  3:11PM
05854,2,2,2,1,1,1,Fecha corte REPS: Mar 12 2026  3:11PM
05856,5,5,5,1,1,4,Fecha corte REPS: Mar 12 2026  3:11PM
05858,19,19,19,1,1,18,Fecha corte REPS: Mar 12 2026  3:11PM
05861,10,9,10,2,2,8,Fecha corte REPS: Mar 12 2026  3:11PM
05873,4,1,4,4,4,0,Fecha corte REPS: Mar 12 2026  3:11PM
05885,9,9,9,1,1,8,Fecha corte REPS: Mar 12 2026  3:11PM
05887,95,84,95,12,8,87,Fecha corte REPS: Mar 12 2026  3:11PM
05890,11,10,11,4,2,9,Fecha corte REPS: Mar 12 2026  3:11PM
05893,5,5,5,1,1,4,Fecha corte REPS: Mar 12 2026  3:11PM
05895,17,17,17,2,0,17,Fecha corte REPS: Mar 12 2026  3:11PM
08001,2164,1874,2164,804,7,2117,Fecha corte REPS: Mar 12 2026  3:11PM
08078,30,24,30,21,5,25,Fecha corte REPS: Mar 12 2026  3:11PM
08137,9,8,9,7,2,7,Fecha corte REPS: Mar 12 2026  3:11PM
08141,7,5,7,6,3,4,Fecha corte REPS: Mar 12 2026  3:11PM
08296,20,19,20,12,2,18,Fecha corte REPS: Mar 12 2026  3:11PM
08372,9,6,9,8,5,4,Fecha corte REPS: Mar 12 2026  3:11PM
08421,11,6,11,7,6,5,Fecha corte REPS: Mar 12 2026  3:11PM
08433,34,28,34,24,6,28,Fecha corte REPS: Mar 12 2026  3:11PM
08436,7,6,7,5,2,5,Fecha corte REPS: Mar 12 2026  3:11PM
08520,7,7,7,4,1,6,Fecha corte REPS: Mar 12 2026  3:11PM
08549,2,1,2,2,2,0,Fecha corte REPS: Mar 12 2026  3:11PM
08558,5,4,5,5,2,3,Fecha corte REPS: Mar 12 2026  3:11PM
08560,9,5,9,7,5,4,Fecha corte REPS: Mar 12 2026  3:11PM
08573,323,319,323,55,3,320,Fecha corte REPS: Mar 12 2026  3:11PM
08606,11,6,11,8,6,5,Fecha corte REPS: Mar 12 2026  3:11PM
08634,18,17,18,13,1,17,Fecha corte REPS: Mar 12 2026  3:11PM
08638,52,40,52,41,12,40,Fecha corte REPS: Mar 12 2026  3:11PM
08675,2,1,2,2,2,0,Fecha corte REPS: Mar 12 2026  3:11PM
08685,20,19,20,17,1,19,Fecha corte REPS: Mar 12 2026  3:11PM
08758,188,160,188,114,11,177,Fecha corte REPS: Mar 12 2026  3:11PM
08770,2,2,2,2,1,1,Fecha corte REPS: Mar 12 2026  3:11PM
08832,6,2,6,5,5,1,Fecha corte REPS: Mar 12 2026  3:11PM
08849,2,2,2,2,1,1,Fecha corte REPS: Mar 12 2026  3:11PM
11001,16181,13887,16181,2761,143,16036,Fecha corte REPS: Mar 12 2026  3:11PM
13001,1516,1256,1516,558,58,1457,Fecha corte REPS: Mar 12 2026  3:11PM
13006,7,2,7,7,6,1,Fecha corte REPS: Mar 12 2026  3:11PM
13030,1,1,1,1,1,0,Fecha corte REPS: Mar 12 2026  3:11PM
13042,6,3,6,4,4,2,Fecha corte REPS: Mar 12 2026  3:11PM
13052,42,33,42,18,8,34,Fecha corte REPS: Mar 12 2026  3:11PM
13062,2,2,2,2,1,1,Fecha corte REPS: Mar 12 2026  3:11PM
13074,6,4,6,4,3,3,Fecha corte REPS: Mar 12 2026  3:11PM
13140,8,5,8,7,4,4,Fecha corte REPS: Mar 12 2026  3:11PM
13160,6,3,6,4,4,2,Fecha corte REPS: Mar 12 2026  3:11PM
13188,6,5,6,4,2,4,Fecha corte REPS: Mar 12 2026  3:11PM
13212,10,3,10,8,8,2,Fecha corte REPS: Mar 12 2026  3:11PM
13222,1,1,1,1,1,0,Fecha corte REPS: Mar 12 2026  3:11PM
13244,45,35,45,29,9,36,Fecha corte REPS: Mar 12 2026  3:11PM
13248,1,1,1,1,1,0,Fecha corte REPS: Mar 12 2026  3:11PM
13268,2,2,2,1,1,1,Fecha corte REPS: Mar 12 2026  3:11PM
13300,2,2,2,2,1,1,Fecha corte REPS: Mar 12 2026  3:11PM
13430,121,97,121,73,16,105,Fecha corte REPS: Mar 12 2026  3:11PM
13433,13,6,13,10,8,5,Fecha corte REPS: Mar 12 2026  3:11PM
13440,1,1,1,1,0,1,Fecha corte REPS: Mar 12 2026  3:11PM
13442,21,11,21,18,11,10,Fecha corte REPS: Mar 12 2026  3:11PM
13458,6,4,6,4,3,3,Fecha corte REPS: Mar 12 2026  3:11PM
13468,34,27,34,19,9,25,Fecha corte REPS: Mar 12 2026  3:11PM
13473,5,3,5,3,3,2,Fecha corte REPS: Mar 12 2026  3:11PM
13490,1,1,1,1,1,0,Fecha corte REPS: Mar 12 2026  3:11PM
13549,5,2,5,5,4,1,Fecha corte REPS: Mar 12 2026  3:11PM
13580,3,3,3,3,1,2,Fecha corte REPS: Mar 12 2026  3:11PM
13600,4,4,4,3,1,3,Fecha corte REPS: Mar 12 2026  3:11PM
13620,6,5,6,2,2,4,Fecha corte REPS: Mar 12 2026  3:11PM
13647,6,5,6,4,2,4,Fecha corte REPS: Mar 12 2026  3:11PM
13650,2,1,2,2,2,0,Fecha corte REPS: Mar 12 2026  3:11PM
13654,11,10,11,5,2,9,Fecha corte REPS: Mar 12 2026  3:11PM
13655,3,2,3,3,2,1,Fecha corte REPS: Mar 12 2026  3:11PM
13657,21,16,21,11,5,16,Fecha corte REPS: Mar 12 2026  3:11PM
13667,8,6,8,4,3,5,Fecha corte REPS: Mar 12 2026  3:11PM
13670,15,12,15,5,4,11,Fecha corte REPS: Mar 12 2026  3:11PM
13673,5,3,5,5,3,2,Fecha corte REPS: Mar 12 2026  3:11PM
13683,7,6,7,5,2,5,Fecha corte REPS: Mar 12 2026  3:11PM
13688,54,42,54,14,11,43,Fecha corte REPS: Mar 12 2026  3:11PM
13744,7,7,7,2,1,6,Fecha corte REPS: Mar 12 2026  3:11PM
13760,5,5,5,3,1,4,Fecha corte REPS: Mar 12 2026  3:11PM
13780,5,5,5,3,1,4,Fecha corte REPS: Mar 12 2026  3:11PM
13810,7,5,7,4,3,4,Fecha corte REPS: Mar 12 2026  3:11PM
13836,60,56,60,31,4,56,Fecha corte REPS: Mar 12 2026  3:11PM
13838,5,5,5,2,1,4,Fecha corte REPS: Mar 12 2026  3:11PM
13873,10,8,10,5,3,7,Fecha corte REPS: Mar 12 2026  3:11PM
13894,8,6,8,5,2,6,Fecha corte REPS: Mar 12 2026  3:11PM
15001,706,642,706,193,17,689,Fecha corte REPS: Mar 12 2026  3:11PM
15022,1,1,1,1,1,0,Fecha corte REPS: Mar 12 2026  3:11PM
15047,3,3,3,1,1,2,Fecha corte REPS: Mar 12 2026  3:11PM
15051,3,3,3,1,1,2,Fecha corte REPS: Mar 12 2026  3:11PM
15087,7,7,7,1,1,6,Fecha corte REPS: Mar 12 2026  3:11PM
15090,1,1,1,1,1,0,Fecha corte REPS: Mar 12 2026  3:11PM
15092,1,1,1,1,1,0,Fecha corte REPS: Mar 12 2026  3:11PM
15097,2,2,2,1,1,1,Fecha corte REPS: Mar 12 2026  3:11PM
15104,1,1,1,1,1,0,Fecha corte REPS: Mar 12 2026  3:11PM
15106,1,1,1,1,1,0,Fecha corte REPS: Mar 12 2026  3:11PM
15109,1,1,1,1,1,0,Fecha corte REPS: Mar 12 2026  3:11PM
15114,1,1,1,1,1,0,Fecha corte REPS: Mar 12 2026  3:11PM
15131,1,1,1,1,1,0,Fecha corte REPS: Mar 12 2026  3:11PM
15135,1,1,1,1,1,0,Fecha corte REPS: Mar 12 2026  3:11PM
15162,1,1,1,1,1,0,Fecha corte REPS: Mar 12 2026  3:11PM
15172,2,2,2,1,1,1,Fecha corte REPS: Mar 12 2026  3:11PM
15176,103,101,103,29,3,100,Fecha corte REPS: Mar 12 2026  3:11PM
15180,1,1,1,1,1,0,Fecha corte REPS: Mar 12 2026  3:11PM
15183,1,1,1,1,1,0,Fecha corte REPS: Mar 12 2026  3:11PM
15185,2,2,2,2,1,1,Fecha corte REPS: Mar 12 2026  3:11PM
15187,2,2,2,1,1,1,Fecha corte REPS: Mar 12 2026  3:11PM
15189,1,1,1,1,1,0,Fecha corte REPS: Mar 12 2026  3:11PM
15204,3,3,3,2,1,2,Fecha corte REPS: Mar 12 2026  3:11PM
15212,1,1,1,1,1,0,Fecha corte REPS: Mar 12 2026  3:11PM
15215,1,1,1,1,1,0,Fecha corte REPS: Mar 12 2026  3:11PM
15218,1,1,1,1,1,0,Fecha corte REPS: Mar 12 2026  3:11PM
15223,5,5,5,1,1,4,Fecha corte REPS: Mar 12 2026  3:11PM
15224,1,1,1,1,1,0,Fecha corte REPS: Mar 12 2026  3:11PM
15226,1,1,1,1,1,0,Fecha corte REPS: Mar 12 2026  3:11PM
15232,1,1,1,1,1,0,Fecha corte REPS: Mar 12 2026  3:11PM
15236,1,1,1,1,1,0,Fecha corte REPS: Mar 12 2026  3:11PM
15238,321,308,321,74,4,317,Fecha corte REPS: Mar 12 2026  3:11PM
15244,2,2,2,1,1,1,Fecha corte REPS: Mar 12 2026  3:11PM
15248,1,1,1,1,1,0,Fecha corte REPS: Mar 12 2026  3:11PM
15272,2,2,2,1,1,1,Fecha corte REPS: Mar 12 2026  3:11PM
15276,2,2,2,1,1,1,Fecha corte REPS: Mar 12 2026  3:11PM
15293,1,1,1,1,1,0,Fecha corte REPS: Mar 12 2026  3:11PM
15296,1,1,1,1,1,0,Fecha corte REPS: Mar 12 2026  3:11PM
15299,25,24,25,5,2,23,Fecha corte REPS: Mar 12 2026  3:11PM
15317,1,1,1,1,1,0,Fecha corte REPS: Mar 12 2026  3:11PM
15322,19,19,19,3,1,18,Fecha corte REPS: Mar 12 2026  3:11PM
15325,1,1,1,1,1,0,Fecha corte REPS: Mar 12 2026  3:11PM
15332,1,1,1,1,1,0,Fecha corte REPS: Mar 12 2026  3:11PM
15362,1,1,1,1,1,0,Fecha corte REPS: Mar 12 2026  3:11PM
15367,11,11,11,1,1,10,Fecha corte REPS: Mar 12 2026  3:11PM
15368,1,1,1,1,1,0,Fecha corte REPS: Mar 12 2026  3:11PM
15377,1,1,1,1,1,0,Fecha corte REPS: Mar 12 2026  3:11PM
15380,1,1,1,1,1,0,Fecha corte REPS: Mar 12 2026  3:11PM
15401,1,1,1,1,1,0,Fecha corte REPS: Mar 12 2026  3:11PM
15403,4,4,4,1,1,3,Fecha corte REPS: Mar 12 2026  3:11PM
15407,41,41,41,3,1,40,Fecha corte REPS: Mar 12 2026  3:11PM
15425,3,3,3,1,1,2,Fecha corte REPS: Mar 12 2026  3:11PM
15442,3,1,3,3,3,0,Fecha corte REPS: Mar 12 2026  3:11PM
15455,16,16,16,3,1,15,Fecha corte REPS: Mar 12 2026  3:11PM
15464,1,1,1,1,1,0,Fecha corte REPS: Mar 12 2026  3:11PM
15466,1,1,1,1,1,0,Fecha corte REPS: Mar 12 2026  3:11PM
15469,26,25,26,7,2,24,Fecha corte REPS: Mar 12 2026  3:11PM
15476,1,1,1,1,1,0,Fecha corte REPS: Mar 12 2026  3:11PM
15480,3,3,3,1,1,2,Fecha corte REPS: Mar 12 2026  3:11PM
15491,7,6,7,2,2,5,Fecha corte REPS: Mar 12 2026  3:11PM
15494,2,2,2,1,1,1,Fecha corte REPS: Mar 12 2026  3:11PM
15500,3,3,3,3,1,2,Fecha corte REPS: Mar 12 2026  3:11PM
15507,2,2,2,1,1,1,Fecha corte REPS: Mar 12 2026  3:11PM
15511,1,1,1,1,1,0,Fecha corte REPS: Mar 12 2026  3:11PM
15514,1,1,1,1,1,0,Fecha corte REPS: Mar 12 2026  3:11PM
15516,58,57,58,10,3,55,Fecha corte REPS: Mar 12 2026  3:11PM
15518,1,1,1,1,1,0,Fecha corte REPS: Mar 12 2026  3:11PM
15522,1,1,1,1,1,0,Fecha corte REPS: Mar 12 2026  3:11PM
15531,3,3,3,1,1,2,Fecha corte REPS: Mar 12 2026  3:11PM
15533,2,1,2,2,2,0,Fecha corte REPS: Mar 12 2026  3:11PM
15537,2,2,2,1,1,1,Fecha corte REPS: Mar 12 2026  3:11PM
15542,1,1,1,1,1,0,Fecha corte REPS: Mar 12 2026  3:11PM
15550,1,1,1,1,1,0,Fecha corte REPS: Mar 12 2026  3:11PM
15572,38,34,38,10,3,35,Fecha corte REPS: Mar 12 2026  3:11PM
15580,2,1,2,2,2,0,Fecha corte REPS: Mar 12 2026  3:11PM
15599,13,13,13,3,1,12,Fecha corte REPS: Mar 12 2026  3:11PM
15600,5,5,5,1,1,4,Fecha corte REPS: Mar 12 2026  3:11PM
15621,1,1,1,1,1,0,Fecha corte REPS: Mar 12 2026  3:11PM
15632,1,1,1,1,1,0,Fecha corte REPS: Mar 12 2026  3:11PM
15638,4,4,4,1,1,3,Fecha corte REPS: Mar 12 2026  3:11PM
15646,22,20,22,6,2,20,Fecha corte REPS: Mar 12 2026  3:11PM
15660,1,1,1,1,1,0,Fecha corte REPS: Mar 12 2026  3:11PM
15664,2,2,2,1,1,1,Fecha corte REPS: Mar 12 2026  3:11PM
15667,5,5,5,1,1,4,Fecha corte REPS: Mar 12 2026  3:11PM
15673,1,1,1,1,1,0,Fecha corte REPS: Mar 12 2026  3:11PM
15676,3,3,3,1,1,2,Fecha corte REPS: Mar 12 2026  3:11PM
15681,1,1,1,1,1,0,Fecha corte REPS: Mar 12 2026  3:11PM
15686,3,3,3,1,1,2,Fecha corte REPS: Mar 12 2026  3:11PM
15690,4,4,4,1,1,3,Fecha corte REPS: Mar 12 2026  3:11PM
15693,11,11,11,1,1,10,Fecha corte REPS: Mar 12 2026  3:11PM
15696,1,1,1,1,1,0,Fecha corte REPS: Mar 12 2026  3:11PM
15720,2,2,2,1,1,1,Fecha corte REPS: Mar 12 2026  3:11PM
15723,1,1,1,1,1,0,Fecha corte REPS: Mar 12 2026  3:11PM
15740,4,4,4,1,1,3,Fecha corte REPS: Mar 12 2026  3:11PM
15753,17,16,17,3,1,16,Fecha corte REPS: Mar 12 2026  3:11PM
15755,2,2,2,1,1,1,Fecha corte REPS: Mar 12 2026  3:11PM
15757,6,6,6,1,1,5,Fecha corte REPS: Mar 12 2026  3:11PM
15759,309,295,309,71,6,303,Fecha corte REPS: Mar 12 2026  3:11PM
15761,1,1,1,1,1,0,Fecha corte REPS: Mar 12 2026  3:11PM
15762,1,1,1,1,1,0,Fecha corte REPS: Mar 12 2026  3:11PM
15763,2,1,2,2,2,0,Fecha corte REPS: Mar 12 2026  3:11PM
15764,1,1,1,1,1,0,Fecha corte REPS: Mar 12 2026  3:11PM
15774,1,1,1,1,1,0,Fecha corte REPS: Mar 12 2026  3:11PM
15776,5,5,5,1,1,4,Fecha corte REPS: Mar 12 2026  3:11PM
15778,1,1,1,1,1,0,Fecha corte REPS: Mar 12 2026  3:11PM
15790,2,2,2,1,1,1,Fecha corte REPS: Mar 12 2026  3:11PM
15798,2,2,2,1,1,1,Fecha corte REPS: Mar 12 2026  3:11PM
15804,4,4,4,1,1,3,Fecha corte REPS: Mar 12 2026  3:11PM
15806,3,3,3,1,1,2,Fecha corte REPS: Mar 12 2026  3:11PM
15808,2,2,2,1,1,1,Fecha corte REPS: Mar 12 2026  3:11PM
15810,2,2,2,1,1,1,Fecha corte REPS: Mar 12 2026  3:11PM
15814,3,3,3,1,1,2,Fecha corte REPS: Mar 12 2026  3:11PM
15816,2,2,2,1,1,1,Fecha corte REPS: Mar 12 2026  3:11PM
15820,1,1,1,1,1,0,Fecha corte REPS: Mar 12 2026  3:11PM
15822,1,1,1,1,1,0,Fecha corte REPS: Mar 12 2026  3:11PM
15832,1,1,1,1,1,0,Fecha corte REPS: Mar 12 2026  3:11PM
15835,4,4,4,1,1,3,Fecha corte REPS: Mar 12 2026  3:11PM
15837,4,4,4,1,1,3,Fecha corte REPS: Mar 12 2026  3:11PM
15839,2,1,2,2,2,0,Fecha corte REPS: Mar 12 2026  3:11PM
15842,2,1,2,2,2,0,Fecha corte REPS: Mar 12 2026  3:11PM
15861,10,8,10,3,3,7,Fecha corte REPS: Mar 12 2026  3:11PM
15879,1,1,1,1,1,0,Fecha corte REPS: Mar 12 2026  3:11PM
15897,2,2,2,1,1,1,Fecha corte REPS: Mar 12 2026  3:11PM
17001,1168,1060,1168,221,25,1140,Fecha corte REPS: Mar 12 2026  3:11PM
17013,46,43,46,2,2,44,Fecha corte REPS: Mar 12 2026  3:11PM
17042,43,42,43,6,1,42,Fecha corte REPS: Mar 12 2026  3:11PM
17050,8,8,8,1,1,7,Fecha corte REPS: Mar 12 2026  3:11PM
17088,8,8,8,1,1,7,Fecha corte REPS: Mar 12 2026  3:11PM
17174,51,50,51,10,1,50,Fecha corte REPS: Mar 12 2026  3:11PM
17272,11,10,11,2,2,9,Fecha corte REPS: Mar 12 2026  3:11PM
17380,126,117,126,42,8,118,Fecha corte REPS: Mar 12 2026  3:11PM
17388,3,3,3,1,1,2,Fecha corte REPS: Mar 12 2026  3:11PM
17433,33,32,33,2,1,32,Fecha corte REPS: Mar 12 2026  3:11PM
17442,5,5,5,1,1,4,Fecha corte REPS: Mar 12 2026  3:11PM
17444,13,13,13,2,1,12,Fecha corte REPS: Mar 12 2026  3:11PM
17446,2,1,2,2,2,0,Fecha corte REPS: Mar 12 2026  3:11PM
17486,23,22,23,3,1,22,Fecha corte REPS: Mar 12 2026  3:11PM
17495,3,3,3,2,1,2,Fecha corte REPS: Mar 12 2026  3:11PM
17513,17,16,17,3,2,15,Fecha corte REPS: Mar 12 2026  3:11PM
17524,5,4,5,3,2,3,Fecha corte REPS: Mar 12 2026  3:11PM
17541,18,14,18,5,5,13,Fecha corte REPS: Mar 12 2026  3:11PM
17614,53,49,53,7,3,50,Fecha corte REPS: Mar 12 2026  3:11PM
17616,8,8,8,2,1,7,Fecha corte REPS: Mar 12 2026  3:11PM
17653,16,15,16,4,2,14,Fecha corte REPS: Mar 12 2026  3:11PM
17662,14,12,14,4,3,11,Fecha corte REPS: Mar 12 2026  3:11PM
17665,1,1,1,1,1,0,Fecha corte REPS: Mar 12 2026  3:11PM
17777,30,28,30,4,2,28,Fecha corte REPS: Mar 12 2026  3:11PM
17867,8,8,8,1,1,7,Fecha corte REPS: Mar 12 2026  3:11PM
17873,42,42,42,6,1,41,Fecha corte REPS: Mar 12 2026  3:11PM
17877,18,18,18,2,1,17,Fecha corte REPS: Mar 12 2026  3:11PM
18001,221,201,221,72,6,215,Fecha corte REPS: Mar 12 2026  3:11PM
18029,2,2,2,1,1,1,Fecha corte REPS: Mar 12 2026  3:11PM
18094,2,2,2,1,1,1,Fecha corte REPS: Mar 12 2026  3:11PM
18150,15,13,15,5,3,12,Fecha corte REPS: Mar 12 2026  3:11PM
18205,2,2,2,2,1,1,Fecha corte REPS: Mar 12 2026  3:11PM
18247,13,12,13,4,2,11,Fecha corte REPS: Mar 12 2026  3:11PM
18256,6,6,6,2,1,5,Fecha corte REPS: Mar 12 2026  3:11PM
18410,2,1,2,2,2,0,Fecha corte REPS: Mar 12 2026  3:11PM
18460,2,1,2,2,2,0,Fecha corte REPS: Mar 12 2026  3:11PM
18479,1,1,1,1,1,0,Fecha corte REPS: Mar 12 2026  3:11PM
18592,11,8,11,7,3,8,Fecha corte REPS: Mar 12 2026  3:11PM
18610,4,3,4,3,2,2,Fecha corte REPS: Mar 12 2026  3:11PM
18753,24,24,24,7,1,23,Fecha corte REPS: Mar 12 2026  3:11PM
18756,2,2,2,2,1,1,Fecha corte REPS: Mar 12 2026  3:11PM
18785,2,2,2,1,1,1,Fecha corte REPS: Mar 12 2026  3:11PM
18860,2,2,2,1,1,1,Fecha corte REPS: Mar 12 2026  3:11PM
19001,658,595,658,237,25,633,Fecha corte REPS: Mar 12 2026  3:11PM
19022,4,1,4,4,4,0,Fecha corte REPS: Mar 12 2026  3:11PM
19050,2,1,2,2,2,0,Fecha corte REPS: Mar 12 2026  3:11PM
19075,4,4,4,4,1,3,Fecha corte REPS: Mar 12 2026  3:11PM
19100,12,7,12,8,6,6,Fecha corte REPS: Mar 12 2026  3:11PM
19110,7,4,7,7,5,2,Fecha corte REPS: Mar 12 2026  3:11PM
19130,7,4,7,5,4,3,Fecha corte REPS: Mar 12 2026  3:11PM
19137,5,3,5,5,4,1,Fecha corte REPS: Mar 12 2026  3:11PM
19142,7,7,7,3,2,5,Fecha corte REPS: Mar 12 2026  3:11PM
19212,16,16,16,4,2,14,Fecha corte REPS: Mar 12 2026  3:11PM
19256,19,10,19,10,10,9,Fecha corte REPS: Mar 12 2026  3:11PM
19290,1,1,1,1,1,0,Fecha corte REPS: Mar 12 2026  3:11PM
19300,6,6,6,2,1,5,Fecha corte REPS: Mar 12 2026  3:11PM
19318,12,9,12,9,2,10,Fecha corte REPS: Mar 12 2026  3:11PM
19355,5,4,5,3,3,2,Fecha corte REPS: Mar 12 2026  3:11PM
19364,2,2,2,2,2,0,Fecha corte REPS: Mar 12 2026  3:11PM
19392,1,1,1,1,1,0,Fecha corte REPS: Mar 12 2026  3:11PM
19397,6,3,6,5,4,2,Fecha corte REPS: Mar 12 2026  3:11PM
19418,7,2,7,6,6,1,Fecha corte REPS: Mar 12 2026  3:11PM
19450,9,8,9,5,2,7,Fecha corte REPS: Mar 12 2026  3:11PM
19455,18,18,18,5,2,16,Fecha corte REPS: Mar 12 2026  3:11PM
19473,6,6,6,3,2,4,Fecha corte REPS: Mar 12 2026  3:11PM
19513,1,1,1,1,1,0,Fecha corte REPS: Mar 12 2026  3:11PM
19517,4,3,4,3,3,1,Fecha corte REPS: Mar 12 2026  3:11PM
19532,19,19,19,5,1,18,Fecha corte REPS: Mar 12 2026  3:11PM
19533,3,2,3,2,2,1,Fecha corte REPS: Mar 12 2026  3:11PM
19548,28,27,28,13,4,24,Fecha corte REPS: Mar 12 2026  3:11PM
19573,29,28,29,13,1,28,Fecha corte REPS: Mar 12 2026  3:11PM
19585,3,1,3,3,3,0,Fecha corte REPS: Mar 12 2026  3:11PM
19622,4,4,4,3,1,3,Fecha corte REPS: Mar 12 2026  3:11PM
19693,5,1,5,5,5,0,Fecha corte REPS: Mar 12 2026  3:11PM
19698,131,117,131,46,11,120,Fecha corte REPS: Mar 12 2026  3:11PM
19701,3,1,3,3,3,0,Fecha corte REPS: Mar 12 2026  3:11PM
19743,10,9,10,4,4,6,Fecha corte REPS: Mar 12 2026  3:11PM
19760,2,2,2,2,2,0,Fecha corte REPS: Mar 12 2026  3:11PM
19780,2,2,2,1,1,1,Fecha corte REPS: Mar 12 2026  3:11PM
19785,1,1,1,1,1,0,Fecha corte REPS: Mar 12 2026  3:11PM
19807,13,11,13,7,3,10,Fecha corte REPS: Mar 12 2026  3:11PM
19809,13,4,13,11,9,4,Fecha corte REPS: Mar 12 2026  3:11PM
19821,5,3,5,4,4,1,Fecha corte REPS: Mar 12 2026  3:11PM
19824,4,3,4,4,4,0,Fecha corte REPS: Mar 12 2026  3:11PM
19845,5,5,5,1,1,4,Fecha corte REPS: Mar 12 2026  3:11PM
20001,767,680,767,330,36,731,Fecha corte REPS: Mar 12 2026  3:11PM
20011,155,135,155,67,13,142,Fecha corte REPS: Mar 12 2026  3:11PM
20013,34,28,34,18,3,31,Fecha corte REPS: Mar 12 2026  3:11PM
20032,8,6,8,3,3,5,Fecha corte REPS: Mar 12 2026  3:11PM
20045,8,6,8,5,3,5,Fecha corte REPS: Mar 12 2026  3:11PM
20060,23,21,23,12,1,22,Fecha corte REPS: Mar 12 2026  3:11PM
20175,16,9,16,10,8,8,Fecha corte REPS: Mar 12 2026  3:11PM
20178,19,15,19,11,5,14,Fecha corte REPS: Mar 12 2026  3:11PM
20228,22,15,22,13,8,14,Fecha corte REPS: Mar 12 2026  3:11PM
20238,11,7,11,8,4,7,Fecha corte REPS: Mar 12 2026  3:11PM
20250,20,14,20,12,6,14,Fecha corte REPS: Mar 12 2026  3:11PM
20295,4,1,4,4,4,0,Fecha corte REPS: Mar 12 2026  3:11PM
20310,2,1,2,2,2,0,Fecha corte REPS: Mar 12 2026  3:11PM
20383,8,5,8,4,4,4,Fecha corte REPS: Mar 12 2026  3:11PM
20400,31,27,31,16,4,27,Fecha corte REPS: Mar 12 2026  3:11PM
20443,3,3,3,2,1,2,Fecha corte REPS: Mar 12 2026  3:11PM
20517,20,17,20,6,4,16,Fecha corte REPS: Mar 12 2026  3:11PM
20550,9,7,9,4,3,6,Fecha corte REPS: Mar 12 2026  3:11PM
20570,7,5,7,5,2,5,Fecha corte REPS: Mar 12 2026  3:11PM
20614,14,10,14,8,5,9,Fecha corte REPS: Mar 12 2026  3:11PM
20621,10,8,10,7,3,7,Fecha corte REPS: Mar 12 2026  3:11PM
20710,25,20,25,13,5,20,Fecha corte REPS: Mar 12 2026  3:11PM
20750,14,7,14,9,8,6,Fecha corte REPS: Mar 12 2026  3:11PM
20770,17,11,17,11,7,10,Fecha corte REPS: Mar 12 2026  3:11PM
20787,11,5,11,8,7,4,Fecha corte REPS: Mar 12 2026  3:11PM
23001,784,650,784,391,51,733,Fecha corte REPS: Mar 12 2026  3:11PM
23068,9,9,9,8,1,8,Fecha corte REPS: Mar 12 2026  3:11PM
23079,6,5,6,5,2,4,Fecha corte REPS: Mar 12 2026  3:11PM
23090,3,2,3,3,2,1,Fecha corte REPS: Mar 12 2026  3:11PM
23162,59,48,59,40,11,48,Fecha corte REPS: Mar 12 2026  3:11PM
23168,3,3,3,2,2,1,Fecha corte REPS: Mar 12 2026  3:11PM
23182,31,24,31,16,7,24,Fecha corte REPS: Mar 12 2026  3:11PM
23189,26,18,26,16,9,17,Fecha corte REPS: Mar 12 2026  3:11PM
23300,4,4,4,3,1,3,Fecha corte REPS: Mar 12 2026  3:11PM
23350,2,2,2,1,1,1,Fecha corte REPS: Mar 12 2026  3:11PM
23417,79,66,79,47,13,66,Fecha corte REPS: Mar 12 2026  3:11PM
23419,2,2,2,1,1,1,Fecha corte REPS: Mar 12 2026  3:11PM
23464,12,7,12,9,7,5,Fecha corte REPS: Mar 12 2026  3:11PM
23466,63,57,63,36,4,59,Fecha corte REPS: Mar 12 2026  3:11PM
23500,6,4,6,4,3,3,Fecha corte REPS: Mar 12 2026  3:11PM
23555,62,50,62,27,9,53,Fecha corte REPS: Mar 12 2026  3:11PM
23570,22,11,22,17,10,12,Fecha corte REPS: Mar 12 2026  3:11PM
23574,7,6,7,5,2,5,Fecha corte REPS: Mar 12 2026  3:11PM
23580,15,13,15,10,2,13,Fecha corte REPS: Mar 12 2026  3:11PM
23586,11,6,11,8,6,5,Fecha corte REPS: Mar 12 2026  3:11PM
23660,118,84,118,62,33,85,Fecha corte REPS: Mar 12 2026  3:11PM
23670,16,13,16,13,4,12,Fecha corte REPS: Mar 12 2026  3:11PM
23672,4,4,4,3,1,3,Fecha corte REPS: Mar 12 2026  3:11PM
23675,20,11,20,16,10,10,Fecha corte REPS: Mar 12 2026  3:11PM
23678,3,2,3,3,2,1,Fecha corte REPS: Mar 12 2026  3:11PM
23682,1,1,1,1,0,1,Fecha corte REPS: Mar 12 2026  3:11PM
23686,21,10,21,18,12,9,Fecha corte REPS: Mar 12 2026  3:11PM
23807,28,21,28,23,7,21,Fecha corte REPS: Mar 12 2026  3:11PM
23815,7,3,7,7,5,2,Fecha corte REPS: Mar 12 2026  3:11PM
23855,16,8,16,14,9,7,Fecha corte REPS: Mar 12 2026  3:11PM
25001,3,3,3,2,2,1,Fecha corte REPS: Mar 12 2026  3:11PM
25019,1,1,1,1,1,0,Fecha corte REPS: Mar 12 2026  3:11PM
25035,17,13,17,5,3,14,Fecha corte REPS: Mar 12 2026  3:11PM
25040,7,6,7,2,2,5,Fecha corte REPS: Mar 12 2026  3:11PM
25053,6,6,6,2,2,4,Fecha corte REPS: Mar 12 2026  3:11PM
25086,2,1,2,2,2,0,Fecha corte REPS: Mar 12 2026  3:11PM
25095,1,1,1,1,1,0,Fecha corte REPS: Mar 12 2026  3:11PM
25099,4,4,4,1,1,3,Fecha corte REPS: Mar 12 2026  3:11PM
25120,1,1,1,1,1,0,Fecha corte REPS: Mar 12 2026  3:11PM
25123,6,5,6,2,2,4,Fecha corte REPS: Mar 12 2026  3:11PM
25126,385,379,385,60,2,383,Fecha corte REPS: Mar 12 2026  3:11PM
25148,6,6,6,2,1,5,Fecha corte REPS: Mar 12 2026  3:11PM
25151,22,22,22,3,1,21,Fecha corte REPS: Mar 12 2026  3:11PM
25154,3,3,3,1,1,2,Fecha corte REPS: Mar 12 2026  3:11PM
25168,2,2,2,1,1,1,Fecha corte REPS: Mar 12 2026  3:11PM
25175,488,462,488,116,1,487,Fecha corte REPS: Mar 12 2026  3:11PM
25178,5,5,5,1,2,3,Fecha corte REPS: Mar 12 2026  3:11PM
25181,11,11,11,3,1,10,Fecha corte REPS: Mar 12 2026  3:11PM
25183,15,15,15,5,1,14,Fecha corte REPS: Mar 12 2026  3:11PM
25200,15,15,15,1,1,14,Fecha corte REPS: Mar 12 2026  3:11PM
25214,58,58,58,9,1,57,Fecha corte REPS: Mar 12 2026  3:11PM
25224,2,2,2,1,1,1,Fecha corte REPS: Mar 12 2026  3:11PM
25245,25,21,25,9,4,21,Fecha corte REPS: Mar 12 2026  3:11PM
25258,1,1,1,1,1,0,Fecha corte REPS: Mar 12 2026  3:11PM
25260,22,22,22,3,1,21,Fecha corte REPS: Mar 12 2026  3:11PM
25269,174,161,174,39,5,169,Fecha corte REPS: Mar 12 2026  3:11PM
25279,7,7,7,1,1,6,Fecha corte REPS: Mar 12 2026  3:11PM
25281,2,1,2,2,2,0,Fecha corte REPS: Mar 12 2026  3:11PM
25286,152,146,152,34,3,149,Fecha corte REPS: Mar 12 2026  3:11PM
25288,2,1,2,2,2,0,Fecha corte REPS: Mar 12 2026  3:11PM
25290,246,217,246,68,11,235,Fecha corte REPS: Mar 12 2026  3:11PM
25293,1,1,1,1,1,0,Fecha corte REPS: Mar 12 2026  3:11PM
25295,12,12,12,2,1,11,Fecha corte REPS: Mar 12 2026  3:11PM
25297,7,7,7,1,1,6,Fecha corte REPS: Mar 12 2026  3:11PM
25299,1,1,1,1,1,0,Fecha corte REPS: Mar 12 2026  3:11PM
25307,178,164,178,69,3,175,Fecha corte REPS: Mar 12 2026  3:11PM
25312,1,1,1,1,1,0,Fecha corte REPS: Mar 12 2026  3:11PM
25317,3,3,3,2,1,2,Fecha corte REPS: Mar 12 2026  3:11PM
25320,20,19,20,5,2,18,Fecha corte REPS: Mar 12 2026  3:11PM
25322,33,32,33,2,1,32,Fecha corte REPS: Mar 12 2026  3:11PM
25324,1,1,1,1,1,0,Fecha corte REPS: Mar 12 2026  3:11PM
25326,11,11,11,2,1,10,Fecha corte REPS: Mar 12 2026  3:11PM
25328,1,1,1,1,1,0,Fecha corte REPS: Mar 12 2026  3:11PM
25335,1,1,1,1,1,0,Fecha corte REPS: Mar 12 2026  3:11PM
25339,1,1,1,1,1,0,Fecha corte REPS: Mar 12 2026  3:11PM
25368,1,1,1,1,1,0,Fecha corte REPS: Mar 12 2026  3:11PM
25372,3,3,3,1,1,2,Fecha corte REPS: Mar 12 2026  3:11PM
25377,31,30,31,6,1,30,Fecha corte REPS: Mar 12 2026  3:11PM
25386,58,54,58,16,4,54,Fecha corte REPS: Mar 12 2026  3:11PM
25394,3,3,3,1,1,2,Fecha corte REPS: Mar 12 2026  3:11PM
25398,5,5,5,2,1,4,Fecha corte REPS: Mar 12 2026  3:11PM
25402,25,24,25,4,1,24,Fecha corte REPS: Mar 12 2026  3:11PM
25407,3,3,3,1,1,2,Fecha corte REPS: Mar 12 2026  3:11PM
25426,7,7,7,1,1,6,Fecha corte REPS: Mar 12 2026  3:11PM
25430,98,91,98,28,3,95,Fecha corte REPS: Mar 12 2026  3:11PM
25436,2,2,2,1,1,1,Fecha corte REPS: Mar 12 2026  3:11PM
25438,2,2,2,1,1,1,Fecha corte REPS: Mar 12 2026  3:11PM
25473,197,179,197,23,3,194,Fecha corte REPS: Mar 12 2026  3:11PM
25483,1,1,1,1,1,0,Fecha corte REPS: Mar 12 2026  3:11PM
25486,9,9,9,1,1,8,Fecha corte REPS: Mar 12 2026  3:11PM
25488,5,5,5,2,1,4,Fecha corte REPS: Mar 12 2026  3:11PM
25489,1,1,1,1,1,0,Fecha corte REPS: Mar 12 2026  3:11PM
25491,4,4,4,1,1,3,Fecha corte REPS: Mar 12 2026  3:11PM
25506,1,1,1,1,1,0,Fecha corte REPS: Mar 12 2026  3:11PM
25513,25,24,25,6,2,23,Fecha corte REPS: Mar 12 2026  3:11PM
25518,2,1,2,2,2,0,Fecha corte REPS: Mar 12 2026  3:11PM
25524,1,1,1,1,1,0,Fecha corte REPS: Mar 12 2026  3:11PM
25530,4,3,4,2,2,2,Fecha corte REPS: Mar 12 2026  3:11PM
25535,1,1,1,1,1,0,Fecha corte REPS: Mar 12 2026  3:11PM
25572,7,5,7,5,3,4,Fecha corte REPS: Mar 12 2026  3:11PM
25580,3,1,3,3,3,0,Fecha corte REPS: Mar 12 2026  3:11PM
25592,3,1,3,3,3,0,Fecha corte REPS: Mar 12 2026  3:11PM
25594,2,1,2,2,2,0,Fecha corte REPS: Mar 12 2026  3:11PM
25596,6,2,6,5,5,1,Fecha corte REPS: Mar 12 2026  3:11PM
25599,3,3,3,2,1,2,Fecha corte REPS: Mar 12 2026  3:11PM
25612,3,3,3,3,1,2,Fecha corte REPS: Mar 12 2026  3:11PM
25645,5,4,5,4,2,3,Fecha corte REPS: Mar 12 2026  3:11PM
25649,1,1,1,1,1,0,Fecha corte REPS: Mar 12 2026  3:11PM
25653,1,1,1,1,1,0,Fecha corte REPS: Mar 12 2026  3:11PM
25658,7,7,7,1,1,6,Fecha corte REPS: Mar 12 2026  3:11PM
25662,3,1,3,3,3,0,Fecha corte REPS: Mar 12 2026  3:11PM
25718,4,4,4,1,1,3,Fecha corte REPS: Mar 12 2026  3:11PM
25736,6,6,6,2,1,5,Fecha corte REPS: Mar 12 2026  3:11PM
25740,20,18,20,5,4,16,Fecha corte REPS: Mar 12 2026  3:11PM
25743,7,5,7,3,3,4,Fecha corte REPS: Mar 12 2026  3:11PM
25745,11,11,11,1,1,10,Fecha corte REPS: Mar 12 2026  3:11PM
25754,426,359,426,78,13,412,Fecha corte REPS: Mar 12 2026  3:11PM
25758,49,45,49,8,1,48,Fecha corte REPS: Mar 12 2026  3:11PM
25769,18,17,18,4,2,16,Fecha corte REPS: Mar 12 2026  3:11PM
25772,9,9,9,3,1,8,Fecha corte REPS: Mar 12 2026  3:11PM
25777,5,5,5,1,1,4,Fecha corte REPS: Mar 12 2026  3:11PM
25779,7,7,7,1,1,6,Fecha corte REPS: Mar 12 2026  3:11PM
25781,3,3,3,1,1,2,Fecha corte REPS: Mar 12 2026  3:11PM
25785,18,18,18,3,1,17,Fecha corte REPS: Mar 12 2026  3:11PM
25793,2,2,2,1,1,1,Fecha corte REPS: Mar 12 2026  3:11PM
25797,3,2,3,2,2,1,Fecha corte REPS: Mar 12 2026  3:11PM
25799,24,24,24,5,1,23,Fecha corte REPS: Mar 12 2026  3:11PM
25805,2,1,2,2,2,0,Fecha corte REPS: Mar 12 2026  3:11PM
25807,1,1,1,1,1,0,Fecha corte REPS: Mar 12 2026  3:11PM
25815,2,2,2,1,1,1,Fecha corte REPS: Mar 12 2026  3:11PM
25817,58,57,58,9,0,58,Fecha corte REPS: Mar 12 2026  3:11PM
25823,1,1,1,1,1,0,Fecha corte REPS: Mar 12 2026  3:11PM
25839,4,3,4,3,3,1,Fecha corte REPS: Mar 12 2026  3:11PM
25841,2,2,2,1,1,1,Fecha corte REPS: Mar 12 2026  3:11PM
25843,103,98,103,26,1,102,Fecha corte REPS: Mar 12 2026  3:11PM
25845,3,3,3,1,1,2,Fecha corte REPS: Mar 12 2026  3:11PM
25851,2,2,2,2,1,1,Fecha corte REPS: Mar 12 2026  3:11PM
25862,2,2,2,2,1,1,Fecha corte REPS: Mar 12 2026  3:11PM
25867,3,3,3,1,1,2,Fecha corte REPS: Mar 12 2026  3:11PM
25871,1,1,1,1,1,0,Fecha corte REPS: Mar 12 2026  3:11PM
25873,14,14,14,1,1,13,Fecha corte REPS: Mar 12 2026  3:11PM
25875,29,26,29,12,3,26,Fecha corte REPS: Mar 12 2026  3:11PM
25878,2,2,2,1,1,1,Fecha corte REPS: Mar 12 2026  3:11PM
25885,2,2,2,2,1,1,Fecha corte REPS: Mar 12 2026  3:11PM
25898,2,1,2,2,2,0,Fecha corte REPS: Mar 12 2026  3:11PM
25899,228,208,228,40,2,226,Fecha corte REPS: Mar 12 2026  3:11PM
27001,222,177,222,146,34,187,Fecha corte REPS: Mar 12 2026  3:11PM
27006,5,4,5,4,0,5,Fecha corte REPS: Mar 12 2026  3:11PM
27025,9,7,9,8,0,9,Fecha corte REPS: Mar 12 2026  3:11PM
27050,4,4,4,3,0,4,Fecha corte REPS: Mar 12 2026  3:11PM
27073,4,4,4,4,0,4,Fecha corte REPS: Mar 12 2026  3:11PM
27075,8,8,8,3,0,8,Fecha corte REPS: Mar 12 2026  3:11PM
27077,5,4,5,5,0,5,Fecha corte REPS: Mar 12 2026  3:11PM
27099,4,4,4,4,0,4,Fecha corte REPS: Mar 12 2026  3:11PM
27135,5,5,5,4,0,5,Fecha corte REPS: Mar 12 2026  3:11PM
27150,4,4,4,4,0,4,Fecha corte REPS: Mar 12 2026  3:11PM
27160,3,3,3,3,1,2,Fecha corte REPS: Mar 12 2026  3:11PM
27205,8,8,8,3,1,7,Fecha corte REPS: Mar 12 2026  3:11PM
27245,3,3,3,2,1,2,Fecha corte REPS: Mar 12 2026  3:11PM
27250,5,3,5,5,0,5,Fecha corte REPS: Mar 12 2026  3:11PM
27361,41,40,41,18,1,40,Fecha corte REPS: Mar 12 2026  3:11PM
27372,2,2,2,2,0,2,Fecha corte REPS: Mar 12 2026  3:11PM
27413,3,3,3,3,0,3,Fecha corte REPS: Mar 12 2026  3:11PM
27425,3,3,3,3,0,3,Fecha corte REPS: Mar 12 2026  3:11PM
27430,4,4,4,4,0,4,Fecha corte REPS: Mar 12 2026  3:11PM
27450,3,3,3,3,0,3,Fecha corte REPS: Mar 12 2026  3:11PM
27491,3,3,3,2,0,3,Fecha corte REPS: Mar 12 2026  3:11PM
27493,7,7,7,5,0,7,Fecha corte REPS: Mar 12 2026  3:11PM
27495,3,3,3,3,0,3,Fecha corte REPS: Mar 12 2026  3:11PM
27580,4,4,4,3,0,4,Fecha corte REPS: Mar 12 2026  3:11PM
27600,2,2,2,2,0,2,Fecha corte REPS: Mar 12 2026  3:11PM
27615,10,7,10,7,0,10,Fecha corte REPS: Mar 12 2026  3:11PM
27660,2,2,2,2,0,2,Fecha corte REPS: Mar 12 2026  3:11PM
27745,3,3,3,2,0,3,Fecha corte REPS: Mar 12 2026  3:11PM
27787,16,12,16,11,5,11,Fecha corte REPS: Mar 12 2026  3:11PM
27800,4,4,4,3,0,4,Fecha corte REPS: Mar 12 2026  3:11PM
27810,6,6,6,5,0,6,Fecha corte REPS: Mar 12 2026  3:11PM
41001,821,741,821,208,19,802,Fecha corte REPS: Mar 12 2026  3:11PM
41006,7,6,7,2,2,5,Fecha corte REPS: Mar 12 2026  3:11PM
41013,2,2,2,1,1,1,Fecha corte REPS: Mar 12 2026  3:11PM
41016,6,6,6,1,1,5,Fecha corte REPS: Mar 12 2026  3:11PM
41020,12,12,12,1,1,11,Fecha corte REPS: Mar 12 2026  3:11PM
41026,1,1,1,1,1,0,Fecha corte REPS: Mar 12 2026  3:11PM
41078,2,2,2,1,1,1,Fecha corte REPS: Mar 12 2026  3:11PM
41132,20,20,20,4,1,19,Fecha corte REPS: Mar 12 2026  3:11PM
41206,2,2,2,1,1,1,Fecha corte REPS: Mar 12 2026  3:11PM
41244,1,1,1,1,1,0,Fecha corte REPS: Mar 12 2026  3:11PM
41298,91,84,91,17,5,85,Fecha corte REPS: Mar 12 2026  3:11PM
41306,12,12,12,2,1,11,Fecha corte REPS: Mar 12 2026  3:11PM
41319,15,15,15,2,1,14,Fecha corte REPS: Mar 12 2026  3:11PM
41349,5,5,5,1,1,4,Fecha corte REPS: Mar 12 2026  3:11PM
41357,5,4,5,3,3,2,Fecha corte REPS: Mar 12 2026  3:11PM
41359,16,16,16,2,1,15,Fecha corte REPS: Mar 12 2026  3:11PM
41378,13,12,13,3,3,10,Fecha corte REPS: Mar 12 2026  3:11PM
41396,64,55,64,15,7,57,Fecha corte REPS: Mar 12 2026  3:11PM
41483,1,1,1,1,1,0,Fecha corte REPS: Mar 12 2026  3:11PM
41503,4,4,4,1,1,3,Fecha corte REPS: Mar 12 2026  3:11PM
41518,3,3,3,1,1,2,Fecha corte REPS: Mar 12 2026  3:11PM
41524,9,9,9,2,1,8,Fecha corte REPS: Mar 12 2026  3:11PM
41530,3,1,3,3,3,0,Fecha corte REPS: Mar 12 2026  3:11PM
41548,13,12,13,1,1,12,Fecha corte REPS: Mar 12 2026  3:11PM
41551,246,223,246,51,6,240,Fecha corte REPS: Mar 12 2026  3:11PM
41615,17,17,17,4,1,16,Fecha corte REPS: Mar 12 2026  3:11PM
41660,2,2,2,1,1,1,Fecha corte REPS: Mar 12 2026  3:11PM
41668,20,19,20,4,1,19,Fecha corte REPS: Mar 12 2026  3:11PM
41676,3,3,3,1,1,2,Fecha corte REPS: Mar 12 2026  3:11PM
41770,7,7,7,1,1,6,Fecha corte REPS: Mar 12 2026  3:11PM
41791,4,4,4,1,1,3,Fecha corte REPS: Mar 12 2026  3:11PM
41797,8,7,8,2,2,6,Fecha corte REPS: Mar 12 2026  3:11PM
41799,3,1,3,3,3,0,Fecha corte REPS: Mar 12 2026  3:11PM
41801,4,4,4,1,1,3,Fecha corte REPS: Mar 12 2026  3:11PM
41807,14,14,14,1,1,13,Fecha corte REPS: Mar 12 2026  3:11PM
41872,1,1,1,1,1,0,Fecha corte REPS: Mar 12 2026  3:11PM
41885,5,5,5,1,1,4,Fecha corte REPS: Mar 12 2026  3:11PM
44001,243,213,243,141,37,206,Fecha corte REPS: Mar 12 2026  3:11PM
44035,18,13,18,17,8,10,Fecha corte REPS: Mar 12 2026  3:11PM
44078,29,23,29,21,6,23,Fecha corte REPS: Mar 12 2026  3:11PM
44090,24,10,24,23,19,5,Fecha corte REPS: Mar 12 2026  3:11PM
44098,7,5,7,7,3,4,Fecha corte REPS: Mar 12 2026  3:11PM
44110,2,2,2,2,1,1,Fecha corte REPS: Mar 12 2026  3:11PM
44279,43,37,43,26,7,36,Fecha corte REPS: Mar 12 2026  3:11PM
44378,5,5,5,5,2,3,Fecha corte REPS: Mar 12 2026  3:11PM
44420,2,1,2,2,2,0,Fecha corte REPS: Mar 12 2026  3:11PM
44430,79,72,79,58,20,59,Fecha corte REPS: Mar 12 2026  3:11PM
44560,16,11,16,14,12,4,Fecha corte REPS: Mar 12 2026  3:11PM
44650,72,46,72,52,25,47,Fecha corte REPS: Mar 12 2026  3:11PM
44847,43,32,43,36,19,24,Fecha corte REPS: Mar 12 2026  3:11PM
44855,10,10,10,1,1,9,Fecha corte REPS: Mar 12 2026  3:11PM
44874,17,17,17,8,2,15,Fecha corte REPS: Mar 12 2026  3:11PM
47001,751,643,751,367,41,710,Fecha corte REPS: Mar 12 2026  3:11PM
47030,5,3,5,5,3,2,Fecha corte REPS: Mar 12 2026  3:11PM
47053,16,9,16,15,9,7,Fecha corte REPS: Mar 12 2026  3:11PM
47058,13,10,13,7,3,10,Fecha corte REPS: Mar 12 2026  3:11PM
47161,6,2,6,5,5,1,Fecha corte REPS: Mar 12 2026  3:11PM
47170,8,5,8,5,4,4,Fecha corte REPS: Mar 12 2026  3:11PM
47189,86,75,86,57,9,77,Fecha corte REPS: Mar 12 2026  3:11PM
47205,5,2,5,5,4,1,Fecha corte REPS: Mar 12 2026  3:11PM
47245,43,37,43,28,5,38,Fecha corte REPS: Mar 12 2026  3:11PM
47258,6,3,6,5,4,2,Fecha corte REPS: Mar 12 2026  3:11PM
47268,7,7,7,6,1,6,Fecha corte REPS: Mar 12 2026  3:11PM
47288,61,50,61,49,13,48,Fecha corte REPS: Mar 12 2026  3:11PM
47318,12,9,12,9,3,9,Fecha corte REPS: Mar 12 2026  3:11PM
47460,5,3,5,5,3,2,Fecha corte REPS: Mar 12 2026  3:11PM
47541,5,1,5,5,5,0,Fecha corte REPS: Mar 12 2026  3:11PM
47545,6,4,6,6,3,3,Fecha corte REPS: Mar 12 2026  3:11PM
47551,13,11,13,12,3,10,Fecha corte REPS: Mar 12 2026  3:11PM
47555,40,27,40,33,15,25,Fecha corte REPS: Mar 12 2026  3:11PM
47570,6,3,6,5,4,2,Fecha corte REPS: Mar 12 2026  3:11PM
47605,4,1,4,4,4,0,Fecha corte REPS: Mar 12 2026  3:11PM
47660,11,4,11,10,8,3,Fecha corte REPS: Mar 12 2026  3:11PM
47675,6,5,6,6,2,4,Fecha corte REPS: Mar 12 2026  3:11PM
47692,14,9,14,11,4,10,Fecha corte REPS: Mar 12 2026  3:11PM
47703,8,4,8,6,5,3,Fecha corte REPS: Mar 12 2026  3:11PM
47707,17,13,17,12,4,13,Fecha corte REPS: Mar 12 2026  3:11PM
47720,7,2,7,6,6,1,Fecha corte REPS: Mar 12 2026  3:11PM
47745,11,6,11,9,6,5,Fecha corte REPS: Mar 12 2026  3:11PM
47798,6,3,6,5,4,2,Fecha corte REPS: Mar 12 2026  3:11PM
47960,5,1,5,5,5,0,Fecha corte REPS: Mar 12 2026  3:11PM
47980,24,11,24,24,12,12,Fecha corte REPS: Mar 12 2026  3:11PM
50001,791,705,791,313,22,769,Fecha corte REPS: Mar 12 2026  3:11PM
50006,119,109,119,43,4,115,Fecha corte REPS: Mar 12 2026  3:11PM
50110,5,5,5,1,1,4,Fecha corte REPS: Mar 12 2026  3:11PM
50124,2,2,2,2,1,1,Fecha corte REPS: Mar 12 2026  3:11PM
50150,8,6,8,5,3,5,Fecha corte REPS: Mar 12 2026  3:11PM
50223,2,2,2,2,1,1,Fecha corte REPS: Mar 12 2026  3:11PM
50226,11,11,11,6,1,10,Fecha corte REPS: Mar 12 2026  3:11PM
50245,1,1,1,1,1,0,Fecha corte REPS: Mar 12 2026  3:11PM
50251,1,1,1,1,1,0,Fecha corte REPS: Mar 12 2026  3:11PM
50270,1,1,1,1,1,0,Fecha corte REPS: Mar 12 2026  3:11PM
50287,5,5,5,3,1,4,Fecha corte REPS: Mar 12 2026  3:11PM
50313,74,64,74,31,10,64,Fecha corte REPS: Mar 12 2026  3:11PM
50318,7,7,7,3,1,6,Fecha corte REPS: Mar 12 2026  3:11PM
50325,3,2,3,3,2,1,Fecha corte REPS: Mar 12 2026  3:11PM
50330,1,1,1,1,1,0,Fecha corte REPS: Mar 12 2026  3:11PM
50350,4,3,4,3,2,2,Fecha corte REPS: Mar 12 2026  3:11PM
50370,2,1,2,2,2,0,Fecha corte REPS: Mar 12 2026  3:11PM
50400,3,3,3,1,1,2,Fecha corte REPS: Mar 12 2026  3:11PM
50450,1,1,1,1,1,0,Fecha corte REPS: Mar 12 2026  3:11PM
50568,31,24,31,22,3,27,Fecha corte REPS: Mar 12 2026  3:11PM
50573,18,16,18,11,2,16,Fecha corte REPS: Mar 12 2026  3:11PM
50577,3,3,3,1,1,2,Fecha corte REPS: Mar 12 2026  3:11PM
50590,1,1,1,1,1,0,Fecha corte REPS: Mar 12 2026  3:11PM
50606,15,15,15,3,1,14,Fecha corte REPS: Mar 12 2026  3:11PM
50680,1,1,1,1,1,0,Fecha corte REPS: Mar 12 2026  3:11PM
50683,2,2,2,2,1,1,Fecha corte REPS: Mar 12 2026  3:11PM
50686,1,1,1,1,1,0,Fecha corte REPS: Mar 12 2026  3:11PM
50689,23,23,23,8,1,22,Fecha corte REPS: Mar 12 2026  3:11PM
50711,3,3,3,2,1,2,Fecha corte REPS: Mar 12 2026  3:11PM
52001,1060,952,1060,258,29,1031,Fecha corte REPS: Mar 12 2026  3:11PM
52019,18,15,18,9,4,14,Fecha corte REPS: Mar 12 2026  3:11PM
52022,3,3,3,2,1,2,Fecha corte REPS: Mar 12 2026  3:11PM
52036,7,5,7,6,3,4,Fecha corte REPS: Mar 12 2026  3:11PM
52051,7,4,7,6,4,3,Fecha corte REPS: Mar 12 2026  3:11PM
52079,30,17,30,17,15,15,Fecha corte REPS: Mar 12 2026  3:11PM
52083,3,3,3,1,1,2,Fecha corte REPS: Mar 12 2026  3:11PM
52110,24,17,24,13,8,16,Fecha corte REPS: Mar 12 2026  3:11PM
52203,8,5,8,6,4,4,Fecha corte REPS: Mar 12 2026  3:11PM
52207,8,7,8,3,2,6,Fecha corte REPS: Mar 12 2026  3:11PM
52210,10,10,10,1,1,9,Fecha corte REPS: Mar 12 2026  3:11PM
52215,16,12,16,9,6,10,Fecha corte REPS: Mar 12 2026  3:11PM
52224,4,4,4,2,2,2,Fecha corte REPS: Mar 12 2026  3:11PM
52227,45,33,45,19,14,31,Fecha corte REPS: Mar 12 2026  3:11PM
52233,8,1,8,8,8,0,Fecha corte REPS: Mar 12 2026  3:11PM
52240,20,14,20,11,6,14,Fecha corte REPS: Mar 12 2026  3:11PM
52250,20,12,20,13,9,11,Fecha corte REPS: Mar 12 2026  3:11PM
52254,3,3,3,1,1,2,Fecha corte REPS: Mar 12 2026  3:11PM
52256,7,3,7,7,5,2,Fecha corte REPS: Mar 12 2026  3:11PM
52258,20,18,20,8,4,16,Fecha corte REPS: Mar 12 2026  3:11PM
52260,12,10,12,7,3,9,Fecha corte REPS: Mar 12 2026  3:11PM
52287,6,6,6,1,1,5,Fecha corte REPS: Mar 12 2026  3:11PM
52317,22,19,22,9,6,16,Fecha corte REPS: Mar 12 2026  3:11PM
52320,14,14,14,5,1,13,Fecha corte REPS: Mar 12 2026  3:11PM
52323,12,11,12,2,2,10,Fecha corte REPS: Mar 12 2026  3:11PM
52352,10,8,10,1,1,9,Fecha corte REPS: Mar 12 2026  3:11PM
52354,8,4,8,5,4,4,Fecha corte REPS: Mar 12 2026  3:11PM
52356,334,302,334,79,22,311,Fecha corte REPS: Mar 12 2026  3:11PM
52378,30,23,30,14,7,23,Fecha corte REPS: Mar 12 2026  3:11PM
52381,16,10,16,9,7,9,Fecha corte REPS: Mar 12 2026  3:11PM
52385,5,5,5,1,1,4,Fecha corte REPS: Mar 12 2026  3:11PM
52390,8,4,8,7,5,3,Fecha corte REPS: Mar 12 2026  3:11PM
52399,60,57,60,20,2,58,Fecha corte REPS: Mar 12 2026  3:11PM
52405,4,4,4,1,1,3,Fecha corte REPS: Mar 12 2026  3:11PM
52411,12,11,12,6,2,10,Fecha corte REPS: Mar 12 2026  3:11PM
52418,8,8,8,2,1,7,Fecha corte REPS: Mar 12 2026  3:11PM
52427,13,2,13,12,12,1,Fecha corte REPS: Mar 12 2026  3:11PM
52435,11,3,11,10,9,2,Fecha corte REPS: Mar 12 2026  3:11PM
52473,4,4,4,3,1,3,Fecha corte REPS: Mar 12 2026  3:11PM
52480,2,2,2,1,1,1,Fecha corte REPS: Mar 12 2026  3:11PM
52490,18,12,18,11,7,11,Fecha corte REPS: Mar 12 2026  3:11PM
52506,3,3,3,1,1,2,Fecha corte REPS: Mar 12 2026  3:11PM
52520,7,3,7,6,5,2,Fecha corte REPS: Mar 12 2026  3:11PM
52540,13,5,13,11,9,4,Fecha corte REPS: Mar 12 2026  3:11PM
52560,17,8,17,11,10,7,Fecha corte REPS: Mar 12 2026  3:11PM
52565,3,3,3,1,1,2,Fecha corte REPS: Mar 12 2026  3:11PM
52573,10,5,10,6,6,4,Fecha corte REPS: Mar 12 2026  3:11PM
52585,31,28,31,5,3,28,Fecha corte REPS: Mar 12 2026  3:11PM
52612,23,13,23,12,11,12,Fecha corte REPS: Mar 12 2026  3:11PM
52621,9,1,9,9,9,0,Fecha corte REPS: Mar 12 2026  3:11PM
52678,24,23,24,8,1,23,Fecha corte REPS: Mar 12 2026  3:11PM
52683,26,25,26,10,2,24,Fecha corte REPS: Mar 12 2026  3:11PM
52685,7,7,7,2,1,6,Fecha corte REPS: Mar 12 2026  3:11PM
52687,14,10,14,9,5,9,Fecha corte REPS: Mar 12 2026  3:11PM
52693,13,12,13,6,2,11,Fecha corte REPS: Mar 12 2026  3:11PM
52694,2,2,2,1,1,1,Fecha corte REPS: Mar 12 2026  3:11PM
52696,9,4,9,9,6,3,Fecha corte REPS: Mar 12 2026  3:11PM
52699,10,5,10,7,7,3,Fecha corte REPS: Mar 12 2026  3:11PM
52720,4,2,4,4,3,1,Fecha corte REPS: Mar 12 2026  3:11PM
52786,21,15,21,11,6,15,Fecha corte REPS: Mar 12 2026  3:11PM
52788,7,5,7,6,3,4,Fecha corte REPS: Mar 12 2026  3:11PM
52835,158,115,158,74,39,118,Fecha corte REPS: Mar 12 2026  3:11PM
52838,41,38,41,17,4,37,Fecha corte REPS: Mar 12 2026  3:11PM
52885,10,7,10,6,4,6,Fecha corte REPS: Mar 12 2026  3:11PM
54001,1417,1212,1417,315,43,1374,Fecha corte REPS: Mar 12 2026  3:11PM
54003,17,13,17,8,4,13,Fecha corte REPS: Mar 12 2026  3:11PM
54051,9,7,9,3,3,6,Fecha corte REPS: Mar 12 2026  3:11PM
54099,3,2,3,2,2,1,Fecha corte REPS: Mar 12 2026  3:11PM
54109,3,1,3,3,3,0,Fecha corte REPS: Mar 12 2026  3:11PM
54125,1,1,1,1,1,0,Fecha corte REPS: Mar 12 2026  3:11PM
54128,5,4,5,2,2,3,Fecha corte REPS: Mar 12 2026  3:11PM
54172,18,18,18,2,1,17,Fecha corte REPS: Mar 12 2026  3:11PM
54174,7,7,7,2,1,6,Fecha corte REPS: Mar 12 2026  3:11PM
54206,5,3,5,4,3,2,Fecha corte REPS: Mar 12 2026  3:11PM
54223,2,2,2,2,1,1,Fecha corte REPS: Mar 12 2026  3:11PM
54239,1,1,1,1,1,0,Fecha corte REPS: Mar 12 2026  3:11PM
54245,3,2,3,3,2,1,Fecha corte REPS: Mar 12 2026  3:11PM
54250,9,6,9,4,4,5,Fecha corte REPS: Mar 12 2026  3:11PM
54261,14,13,14,4,2,12,Fecha corte REPS: Mar 12 2026  3:11PM
54313,4,4,4,1,1,3,Fecha corte REPS: Mar 12 2026  3:11PM
54344,1,1,1,1,1,0,Fecha corte REPS: Mar 12 2026  3:11PM
54347,1,1,1,1,1,0,Fecha corte REPS: Mar 12 2026  3:11PM
54377,2,2,2,1,1,1,Fecha corte REPS: Mar 12 2026  3:11PM
54385,2,1,2,2,2,0,Fecha corte REPS: Mar 12 2026  3:11PM
54398,5,3,5,4,3,2,Fecha corte REPS: Mar 12 2026  3:11PM
54405,61,57,61,10,3,58,Fecha corte REPS: Mar 12 2026  3:11PM
54418,3,3,3,1,1,2,Fecha corte REPS: Mar 12 2026  3:11PM
54480,1,1,1,1,1,0,Fecha corte REPS: Mar 12 2026  3:11PM
54498,221,203,221,62,10,211,Fecha corte REPS: Mar 12 2026  3:11PM
54518,103,98,103,24,2,101,Fecha corte REPS: Mar 12 2026  3:11PM
54520,1,1,1,1,1,0,Fecha corte REPS: Mar 12 2026  3:11PM
54553,4,4,4,1,1,3,Fecha corte REPS: Mar 12 2026  3:11PM
54599,3,3,3,1,1,2,Fecha corte REPS: Mar 12 2026  3:11PM
54660,10,8,10,3,3,7,Fecha corte REPS: Mar 12 2026  3:11PM
54670,1,1,1,1,1,0,Fecha corte REPS: Mar 12 2026  3:11PM
54673,3,2,3,2,2,1,Fecha corte REPS: Mar 12 2026  3:11PM
54680,2,2,2,1,1,1,Fecha corte REPS: Mar 12 2026  3:11PM
54720,12,7,12,7,5,7,Fecha corte REPS: Mar 12 2026  3:11PM
54743,1,1,1,1,1,0,Fecha corte REPS: Mar 12 2026  3:11PM
54800,5,4,5,4,3,2,Fecha corte REPS: Mar 12 2026  3:11PM
54810,20,14,20,11,6,14,Fecha corte REPS: Mar 12 2026  3:11PM
54820,12,9,12,6,4,8,Fecha corte REPS: Mar 12 2026  3:11PM
54871,2,2,2,1,1,1,Fecha corte REPS: Mar 12 2026  3:11PM
54874,43,37,43,15,8,35,Fecha corte REPS: Mar 12 2026  3:11PM
63001,1062,946,1062,200,13,1048,Fecha corte REPS: Mar 12 2026  3:11PM
63111,1,1,1,1,1,0,Fecha corte REPS: Mar 12 2026  3:11PM
63130,53,46,53,11,6,47,Fecha corte REPS: Mar 12 2026  3:11PM
63190,28,28,28,3,1,27,Fecha corte REPS: Mar 12 2026  3:11PM
63212,1,1,1,1,1,0,Fecha corte REPS: Mar 12 2026  3:11PM
63272,15,14,15,3,3,12,Fecha corte REPS: Mar 12 2026  3:11PM
63302,3,3,3,1,1,2,Fecha corte REPS: Mar 12 2026  3:11PM
63401,22,22,22,4,2,20,Fecha corte REPS: Mar 12 2026  3:11PM
63470,16,15,16,4,2,14,Fecha corte REPS: Mar 12 2026  3:11PM
63548,1,1,1,1,1,0,Fecha corte REPS: Mar 12 2026  3:11PM
63594,36,36,36,2,1,35,Fecha corte REPS: Mar 12 2026  3:11PM
63690,3,3,3,2,2,1,Fecha corte REPS: Mar 12 2026  3:11PM
66001,1540,1407,1540,310,27,1513,Fecha corte REPS: Mar 12 2026  3:11PM
66045,4,3,4,2,2,2,Fecha corte REPS: Mar 12 2026  3:11PM
66075,1,1,1,1,1,0,Fecha corte REPS: Mar 12 2026  3:11PM
66088,12,12,12,1,1,11,Fecha corte REPS: Mar 12 2026  3:11PM
66170,110,101,110,36,6,104,Fecha corte REPS: Mar 12 2026  3:11PM
66318,5,5,5,1,1,4,Fecha corte REPS: Mar 12 2026  3:11PM
66383,2,2,2,1,1,1,Fecha corte REPS: Mar 12 2026  3:11PM
66400,25,25,25,6,1,24,Fecha corte REPS: Mar 12 2026  3:11PM
66440,8,8,8,1,1,7,Fecha corte REPS: Mar 12 2026  3:11PM
66456,8,3,8,6,6,2,Fecha corte REPS: Mar 12 2026  3:11PM
66572,4,2,4,3,3,1,Fecha corte REPS: Mar 12 2026  3:11PM
66594,13,12,13,2,2,11,Fecha corte REPS: Mar 12 2026  3:11PM
66682,66,65,66,3,1,65,Fecha corte REPS: Mar 12 2026  3:11PM
66687,4,4,4,1,1,3,Fecha corte REPS: Mar 12 2026  3:11PM
68001,1535,1382,1535,472,33,1502,Fecha corte REPS: Mar 12 2026  3:11PM
68013,1,1,1,1,1,0,Fecha corte REPS: Mar 12 2026  3:11PM
68020,1,1,1,1,1,0,Fecha corte REPS: Mar 12 2026  3:11PM
68051,2,2,2,1,1,1,Fecha corte REPS: Mar 12 2026  3:11PM
68077,64,62,64,20,1,63,Fecha corte REPS: Mar 12 2026  3:11PM
68079,5,5,5,3,1,4,Fecha corte REPS: Mar 12 2026  3:11PM
68081,320,295,320,120,12,308,Fecha corte REPS: Mar 12 2026  3:11PM
68092,3,2,3,3,2,1,Fecha corte REPS: Mar 12 2026  3:11PM
68101,6,6,6,1,1,5,Fecha corte REPS: Mar 12 2026  3:11PM
68121,1,1,1,1,1,0,Fecha corte REPS: Mar 12 2026  3:11PM
68132,2,2,2,1,1,1,Fecha corte REPS: Mar 12 2026  3:11PM
68147,4,4,4,1,1,3,Fecha corte REPS: Mar 12 2026  3:11PM
68152,1,1,1,1,1,0,Fecha corte REPS: Mar 12 2026  3:11PM
68160,1,1,1,1,1,0,Fecha corte REPS: Mar 12 2026  3:11PM
68162,2,2,2,2,1,1,Fecha corte REPS: Mar 12 2026  3:11PM
68167,7,6,7,2,2,5,Fecha corte REPS: Mar 12 2026  3:11PM
68169,1,1,1,1,1,0,Fecha corte REPS: Mar 12 2026  3:11PM
68176,1,1,1,1,1,0,Fecha corte REPS: Mar 12 2026  3:11PM
68179,1,1,1,1,1,0,Fecha corte REPS: Mar 12 2026  3:11PM
68190,22,20,22,8,3,19,Fecha corte REPS: Mar 12 2026  3:11PM
68207,1,1,1,1,1,0,Fecha corte REPS: Mar 12 2026  3:11PM
68209,1,1,1,1,1,0,Fecha corte REPS: Mar 12 2026  3:11PM
68211,5,3,5,3,3,2,Fecha corte REPS: Mar 12 2026  3:11PM
68217,2,1,2,2,2,0,Fecha corte REPS: Mar 12 2026  3:11PM
68229,1,1,1,1,1,0,Fecha corte REPS: Mar 12 2026  3:11PM
68235,14,6,14,10,9,5,Fecha corte REPS: Mar 12 2026  3:11PM
68245,1,1,1,1,1,0,Fecha corte REPS: Mar 12 2026  3:11PM
68250,1,1,1,1,1,0,Fecha corte REPS: Mar 12 2026  3:11PM
68255,8,3,8,8,6,2,Fecha corte REPS: Mar 12 2026  3:11PM
68264,1,1,1,1,1,0,Fecha corte REPS: Mar 12 2026  3:11PM
68266,1,1,1,1,1,0,Fecha corte REPS: Mar 12 2026  3:11PM
68271,1,1,1,1,1,0,Fecha corte REPS: Mar 12 2026  3:11PM
68276,532,485,532,142,8,524,Fecha corte REPS: Mar 12 2026  3:11PM
68296,1,1,1,1,1,0,Fecha corte REPS: Mar 12 2026  3:11PM
68298,1,1,1,1,1,0,Fecha corte REPS: Mar 12 2026  3:11PM
68307,80,71,80,35,4,76,Fecha corte REPS: Mar 12 2026  3:11PM
68318,3,3,3,1,1,2,Fecha corte REPS: Mar 12 2026  3:11PM
68320,1,1,1,1,1,0,Fecha corte REPS: Mar 12 2026  3:11PM
68322,1,1,1,1,1,0,Fecha corte REPS: Mar 12 2026  3:11PM
68324,2,2,2,1,1,1,Fecha corte REPS: Mar 12 2026  3:11PM
68327,3,3,3,2,1,2,Fecha corte REPS: Mar 12 2026  3:11PM
68344,1,1,1,1,1,0,Fecha corte REPS: Mar 12 2026  3:11PM
68368,3,3,3,1,1,2,Fecha corte REPS: Mar 12 2026  3:11PM
68370,1,1,1,1,1,0,Fecha corte REPS: Mar 12 2026  3:11PM
68377,2,2,2,1,1,1,Fecha corte REPS: Mar 12 2026  3:11PM
68385,4,4,4,2,1,3,Fecha corte REPS: Mar 12 2026  3:11PM
68397,1,1,1,1,1,0,Fecha corte REPS: Mar 12 2026  3:11PM
68406,22,22,22,7,1,21,Fecha corte REPS: Mar 12 2026  3:11PM
68418,8,7,8,3,2,6,Fecha corte REPS: Mar 12 2026  3:11PM
68425,1,1,1,1,1,0,Fecha corte REPS: Mar 12 2026  3:11PM
68432,34,32,34,9,1,33,Fecha corte REPS: Mar 12 2026  3:11PM
68444,2,2,2,1,1,1,Fecha corte REPS: Mar 12 2026  3:11PM
68464,3,3,3,1,1,2,Fecha corte REPS: Mar 12 2026  3:11PM
68468,1,1,1,1,1,0,Fecha corte REPS: Mar 12 2026  3:11PM
68498,1,1,1,1,1,0,Fecha corte REPS: Mar 12 2026  3:11PM
68500,13,13,13,2,1,12,Fecha corte REPS: Mar 12 2026  3:11PM
68502,1,1,1,1,1,0,Fecha corte REPS: Mar 12 2026  3:11PM
68522,1,1,1,1,1,0,Fecha corte REPS: Mar 12 2026  3:11PM
68524,1,1,1,1,1,0,Fecha corte REPS: Mar 12 2026  3:11PM
68533,2,2,2,1,1,1,Fecha corte REPS: Mar 12 2026  3:11PM
68547,382,356,382,79,2,380,Fecha corte REPS: Mar 12 2026  3:11PM
68549,1,1,1,1,1,0,Fecha corte REPS: Mar 12 2026  3:11PM
68572,18,18,18,3,1,17,Fecha corte REPS: Mar 12 2026  3:11PM
68573,3,3,3,1,1,2,Fecha corte REPS: Mar 12 2026  3:11PM
68575,17,16,17,7,1,16,Fecha corte REPS: Mar 12 2026  3:11PM
68615,9,8,9,3,2,7,Fecha corte REPS: Mar 12 2026  3:11PM
68655,19,19,19,6,1,18,Fecha corte REPS: Mar 12 2026  3:11PM
68669,6,6,6,1,1,5,Fecha corte REPS: Mar 12 2026  3:11PM
68673,1,1,1,1,1,0,Fecha corte REPS: Mar 12 2026  3:11PM
68679,139,134,139,40,2,137,Fecha corte REPS: Mar 12 2026  3:11PM
68682,1,1,1,1,1,0,Fecha corte REPS: Mar 12 2026  3:11PM
68684,1,1,1,1,1,0,Fecha corte REPS: Mar 12 2026  3:11PM
68686,1,1,1,1,1,0,Fecha corte REPS: Mar 12 2026  3:11PM
68689,11,9,11,6,2,9,Fecha corte REPS: Mar 12 2026  3:11PM
68705,1,1,1,1,1,0,Fecha corte REPS: Mar 12 2026  3:11PM
68720,1,1,1,1,1,0,Fecha corte REPS: Mar 12 2026  3:11PM
68745,4,2,4,3,3,1,Fecha corte REPS: Mar 12 2026  3:11PM
68755,51,50,51,12,1,50,Fecha corte REPS: Mar 12 2026  3:11PM
68770,4,4,4,2,1,3,Fecha corte REPS: Mar 12 2026  3:11PM
68773,5,2,5,4,4,1,Fecha corte REPS: Mar 12 2026  3:11PM
68780,1,1,1,1,1,0,Fecha corte REPS: Mar 12 2026  3:11PM
68820,2,1,2,2,2,0,Fecha corte REPS: Mar 12 2026  3:11PM
68855,3,3,3,1,1,2,Fecha corte REPS: Mar 12 2026  3:11PM
68861,19,19,19,9,1,18,Fecha corte REPS: Mar 12 2026  3:11PM
68867,1,1,1,1,1,0,Fecha corte REPS: Mar 12 2026  3:11PM
68872,5,5,5,1,1,4,Fecha corte REPS: Mar 12 2026  3:11PM
68895,6,6,6,3,1,5,Fecha corte REPS: Mar 12 2026  3:11PM
70001,513,460,513,260,24,489,Fecha corte REPS: Mar 12 2026  3:11PM
70110,9,9,9,6,1,8,Fecha corte REPS: Mar 12 2026  3:11PM
70124,4,4,4,3,1,3,Fecha corte REPS: Mar 12 2026  3:11PM
70204,3,3,3,2,1,2,Fecha corte REPS: Mar 12 2026  3:11PM
70215,68,62,68,33,4,63,Fecha corte REPS: Mar 12 2026  3:11PM
70221,16,15,16,8,0,15,Fecha corte REPS: Mar 12 2026  3:11PM
70230,4,4,4,3,0,4,Fecha corte REPS: Mar 12 2026  3:11PM
70233,4,4,4,4,1,3,Fecha corte REPS: Mar 12 2026  3:11PM
70235,8,8,8,6,1,7,Fecha corte REPS: Mar 12 2026  3:11PM
70265,7,7,7,5,1,6,Fecha corte REPS: Mar 12 2026  3:11PM
70400,5,5,5,3,1,4,Fecha corte REPS: Mar 12 2026  3:11PM
70418,8,8,8,5,1,7,Fecha corte REPS: Mar 12 2026  3:11PM
70429,13,13,13,10,1,12,Fecha corte REPS: Mar 12 2026  3:11PM
70473,10,7,10,8,4,6,Fecha corte REPS: Mar 12 2026  3:11PM
70508,16,11,16,13,6,10,Fecha corte REPS: Mar 12 2026  3:11PM
70523,5,5,5,5,1,4,Fecha corte REPS: Mar 12 2026  3:11PM
70670,19,17,19,13,2,17,Fecha corte REPS: Mar 12 2026  3:11PM
70678,16,13,16,11,4,12,Fecha corte REPS: Mar 12 2026  3:11PM
70702,4,4,4,2,1,3,Fecha corte REPS: Mar 12 2026  3:11PM
70708,33,31,33,22,3,30,Fecha corte REPS: Mar 12 2026  3:11PM
70713,25,17,25,19,7,18,Fecha corte REPS: Mar 12 2026  3:11PM
70717,14,14,14,7,1,13,Fecha corte REPS: Mar 12 2026  3:11PM
70742,21,17,21,13,5,16,Fecha corte REPS: Mar 12 2026  3:11PM
70771,9,8,9,6,1,8,Fecha corte REPS: Mar 12 2026  3:11PM
70820,20,19,20,10,1,19,Fecha corte REPS: Mar 12 2026  3:11PM
70823,9,9,9,7,1,8,Fecha corte REPS: Mar 12 2026  3:11PM
73001,1145,1037,1145,358,41,1104,Fecha corte REPS: Mar 12 2026  3:11PM
73024,1,1,1,1,1,0,Fecha corte REPS: Mar 12 2026  3:11PM
73026,2,2,2,1,1,1,Fecha corte REPS: Mar 12 2026  3:11PM
73030,2,2,2,1,1,1,Fecha corte REPS: Mar 12 2026  3:11PM
73043,1,1,1,1,1,0,Fecha corte REPS: Mar 12 2026  3:11PM
73055,7,7,7,1,1,6,Fecha corte REPS: Mar 12 2026  3:11PM
73067,6,1,6,6,6,0,Fecha corte REPS: Mar 12 2026  3:11PM
73124,6,5,6,2,2,4,Fecha corte REPS: Mar 12 2026  3:11PM
73148,5,5,5,1,1,4,Fecha corte REPS: Mar 12 2026  3:11PM
73152,2,1,2,2,2,0,Fecha corte REPS: Mar 12 2026  3:11PM
73168,36,35,36,11,4,32,Fecha corte REPS: Mar 12 2026  3:11PM
73200,1,1,1,1,1,0,Fecha corte REPS: Mar 12 2026  3:11PM
73217,5,4,5,3,3,2,Fecha corte REPS: Mar 12 2026  3:11PM
73226,3,1,3,3,3,0,Fecha corte REPS: Mar 12 2026  3:11PM
73236,11,7,11,5,5,6,Fecha corte REPS: Mar 12 2026  3:11PM
73268,107,99,107,35,4,103,Fecha corte REPS: Mar 12 2026  3:11PM
73270,1,1,1,1,1,0,Fecha corte REPS: Mar 12 2026  3:11PM
73275,3,3,3,1,1,2,Fecha corte REPS: Mar 12 2026  3:11PM
73283,26,25,26,3,1,25,Fecha corte REPS: Mar 12 2026  3:11PM
73319,22,22,22,5,1,21,Fecha corte REPS: Mar 12 2026  3:11PM
73347,8,4,8,5,5,3,Fecha corte REPS: Mar 12 2026  3:11PM
73349,17,17,17,9,1,16,Fecha corte REPS: Mar 12 2026  3:11PM
73352,11,6,11,6,6,5,Fecha corte REPS: Mar 12 2026  3:11PM
73408,14,14,14,3,2,12,Fecha corte REPS: Mar 12 2026  3:11PM
73411,28,25,28,9,4,23,Fecha corte REPS: Mar 12 2026  3:11PM
73443,52,50,52,8,1,51,Fecha corte REPS: Mar 12 2026  3:11PM
73449,34,34,34,9,1,33,Fecha corte REPS: Mar 12 2026  3:11PM
73461,1,1,1,1,1,0,Fecha corte REPS: Mar 12 2026  3:11PM
73483,5,5,5,2,2,3,Fecha corte REPS: Mar 12 2026  3:11PM
73504,5,4,5,5,3,2,Fecha corte REPS: Mar 12 2026  3:11PM
73520,3,3,3,1,1,2,Fecha corte REPS: Mar 12 2026  3:11PM
73547,2,1,2,2,2,0,Fecha corte REPS: Mar 12 2026  3:11PM
73555,11,9,11,3,3,8,Fecha corte REPS: Mar 12 2026  3:11PM
73563,3,3,3,1,1,2,Fecha corte REPS: Mar 12 2026  3:11PM
73585,11,11,11,5,1,10,Fecha corte REPS: Mar 12 2026  3:11PM
73616,15,4,15,14,12,3,Fecha corte REPS: Mar 12 2026  3:11PM
73622,1,1,1,1,1,0,Fecha corte REPS: Mar 12 2026  3:11PM
73624,13,12,13,3,2,11,Fecha corte REPS: Mar 12 2026  3:11PM
73671,10,10,10,2,1,9,Fecha corte REPS: Mar 12 2026  3:11PM
73675,4,3,4,3,3,1,Fecha corte REPS: Mar 12 2026  3:11PM
73678,3,2,3,3,2,1,Fecha corte REPS: Mar 12 2026  3:11PM
73686,1,1,1,1,1,0,Fecha corte REPS: Mar 12 2026  3:11PM
73770,1,1,1,1,1,0,Fecha corte REPS: Mar 12 2026  3:11PM
73854,1,1,1,1,1,0,Fecha corte REPS: Mar 12 2026  3:11PM
73861,6,6,6,1,1,5,Fecha corte REPS: Mar 12 2026  3:11PM
73870,1,1,1,1,1,0,Fecha corte REPS: Mar 12 2026  3:11PM
73873,2,2,2,1,1,1,Fecha corte REPS: Mar 12 2026  3:11PM
76001,5033,4236,5033,1056,112,4920,Fecha corte REPS: Mar 12 2026  3:11PM
76020,5,5,5,1,1,4,Fecha corte REPS: Mar 12 2026  3:11PM
76036,15,10,15,10,5,10,Fecha corte REPS: Mar 12 2026  3:11PM
76041,3,3,3,2,1,2,Fecha corte REPS: Mar 12 2026  3:11PM
76054,1,1,1,1,1,0,Fecha corte REPS: Mar 12 2026  3:11PM
76100,13,4,13,10,10,3,Fecha corte REPS: Mar 12 2026  3:11PM
76109,183,152,183,96,21,162,Fecha corte REPS: Mar 12 2026  3:11PM
76111,220,208,220,61,9,211,Fecha corte REPS: Mar 12 2026  3:11PM
76113,16,14,16,8,2,14,Fecha corte REPS: Mar 12 2026  3:11PM
76122,32,21,32,14,11,21,Fecha corte REPS: Mar 12 2026  3:11PM
76126,7,7,7,3,1,6,Fecha corte REPS: Mar 12 2026  3:11PM
76130,62,54,62,17,7,55,Fecha corte REPS: Mar 12 2026  3:11PM
76147,275,255,275,63,12,263,Fecha corte REPS: Mar 12 2026  3:11PM
76233,23,18,23,13,5,18,Fecha corte REPS: Mar 12 2026  3:11PM
76243,1,1,1,1,1,0,Fecha corte REPS: Mar 12 2026  3:11PM
76246,2,2,2,1,1,1,Fecha corte REPS: Mar 12 2026  3:11PM
76248,56,42,56,25,12,44,Fecha corte REPS: Mar 12 2026  3:11PM
76250,1,1,1,1,1,0,Fecha corte REPS: Mar 12 2026  3:11PM
76275,50,46,50,11,4,46,Fecha corte REPS: Mar 12 2026  3:11PM
76306,10,10,10,2,1,9,Fecha corte REPS: Mar 12 2026  3:11PM
76318,26,21,26,13,5,21,Fecha corte REPS: Mar 12 2026  3:11PM
76364,163,143,163,31,1,162,Fecha corte REPS: Mar 12 2026  3:11PM
76377,4,4,4,2,1,3,Fecha corte REPS: Mar 12 2026  3:11PM
76400,41,41,41,5,1,40,Fecha corte REPS: Mar 12 2026  3:11PM
76403,6,6,6,1,1,5,Fecha corte REPS: Mar 12 2026  3:11PM
76497,2,2,2,2,1,1,Fecha corte REPS: Mar 12 2026  3:11PM
76520,537,452,537,157,39,498,Fecha corte REPS: Mar 12 2026  3:11PM
76563,28,26,28,8,2,26,Fecha corte REPS: Mar 12 2026  3:11PM
76606,9,8,9,3,2,7,Fecha corte REPS: Mar 12 2026  3:11PM
76616,4,3,4,2,2,2,Fecha corte REPS: Mar 12 2026  3:11PM
76622,70,61,70,19,9,61,Fecha corte REPS: Mar 12 2026  3:11PM
76670,4,4,4,2,1,3,Fecha corte REPS: Mar 12 2026  3:11PM
76736,31,30,31,6,2,29,Fecha corte REPS: Mar 12 2026  3:11PM
76823,5,5,5,1,1,4,Fecha corte REPS: Mar 12 2026  3:11PM
76828,4,4,4,1,1,3,Fecha corte REPS: Mar 12 2026  3:11PM
76834,383,344,383,111,20,363,Fecha corte REPS: Mar 12 2026  3:11PM
76845,1,1,1,1,1,0,Fecha corte REPS: Mar 12 2026  3:11PM
76863,1,1,1,1,1,0,Fecha corte REPS: Mar 12 2026  3:11PM
76869,4,3,4,2,2,2,Fecha corte REPS: Mar 12 2026  3:11PM
76890,9,4,9,7,6,3,Fecha corte REPS: Mar 12 2026  3:11PM
76892,102,92,102,34,9,92,Fecha corte REPS: Mar 12 2026  3:11PM
76895,58,53,58,19,6,52,Fecha corte REPS: Mar 12 2026  3:11PM
81001,123,109,123,47,11,112,Fecha corte REPS: Mar 12 2026  3:11PM
81065,32,23,32,19,9,23,Fecha corte REPS: Mar 12 2026  3:11PM
81220,1,1,1,1,1,0,Fecha corte REPS: Mar 12 2026  3:11PM
81300,22,17,22,13,6,16,Fecha corte REPS: Mar 12 2026  3:11PM
81591,3,3,3,3,1,2,Fecha corte REPS: Mar 12 2026  3:11PM
81736,76,65,76,31,10,65,Fecha corte REPS: Mar 12 2026  3:11PM
81794,85,72,85,35,12,73,Fecha corte REPS: Mar 12 2026  3:11PM
85001,338,305,338,131,11,327,Fecha corte REPS: Mar 12 2026  3:11PM
85010,44,42,44,16,3,41,Fecha corte REPS: Mar 12 2026  3:11PM
85015,2,2,2,1,1,1,Fecha corte REPS: Mar 12 2026  3:11PM
85125,5,5,5,4,2,3,Fecha corte REPS: Mar 12 2026  3:11PM
85136,1,1,1,1,1,0,Fecha corte REPS: Mar 12 2026  3:11PM
85139,10,10,10,4,1,9,Fecha corte REPS: Mar 12 2026  3:11PM
85162,14,14,14,7,1,13,Fecha corte REPS: Mar 12 2026  3:11PM
85225,2,2,2,1,1,1,Fecha corte REPS: Mar 12 2026  3:11PM
85230,4,4,4,1,1,3,Fecha corte REPS: Mar 12 2026  3:11PM
85250,37,35,37,15,1,35,Fecha corte REPS: Mar 12 2026  3:11PM
85263,5,5,5,2,1,4,Fecha corte REPS: Mar 12 2026  3:11PM
85279,1,1,1,1,1,0,Fecha corte REPS: Mar 12 2026  3:11PM
85300,3,3,3,1,1,2,Fecha corte REPS: Mar 12 2026  3:11PM
85315,1,1,1,1,1,0,Fecha corte REPS: Mar 12 2026  3:11PM
85325,1,1,1,1,1,0,Fecha corte REPS: Mar 12 2026  3:11PM
85400,3,3,3,2,1,2,Fecha corte REPS: Mar 12 2026  3:11PM
85410,24,24,24,5,1,22,Fecha corte REPS: Mar 12 2026  3:11PM
85430,9,8,9,4,2,7,Fecha corte REPS: Mar 12 2026  3:11PM
85440,41,40,41,14,1,40,Fecha corte REPS: Mar 12 2026  3:11PM
86001,93,84,93,39,2,91,Fecha corte REPS: Mar 12 2026  3:11PM
86219,5,4,5,3,2,3,Fecha corte REPS: Mar 12 2026  3:11PM
86320,27,23,27,15,4,23,Fecha corte REPS: Mar 12 2026  3:11PM
86568,50,44,50,21,5,45,Fecha corte REPS: Mar 12 2026  3:11PM
86569,8,7,8,4,2,6,Fecha corte REPS: Mar 12 2026  3:11PM
86571,4,4,4,2,1,3,Fecha corte REPS: Mar 12 2026  3:11PM
86573,9,7,9,4,3,6,Fecha corte REPS: Mar 12 2026  3:11PM
86749,24,24,24,11,1,23,Fecha corte REPS: Mar 12 2026  3:11PM
86755,3,3,3,2,1,2,Fecha corte REPS: Mar 12 2026  3:11PM
86757,8,7,8,3,2,6,Fecha corte REPS: Mar 12 2026  3:11PM
86760,3,2,3,3,1,2,Fecha corte REPS: Mar 12 2026  3:11PM
86865,42,39,42,15,4,38,Fecha corte REPS: Mar 12 2026  3:11PM
86885,19,17,19,6,3,16,Fecha corte REPS: Mar 12 2026  3:11PM
88001,88,86,88,25,4,84,Fecha corte REPS: Mar 12 2026  3:11PM
88564,5,5,5,1,1,4,Fecha corte REPS: Mar 12 2026  3:11PM
91001,57,55,57,13,3,54,Fecha corte REPS: Mar 12 2026  3:11PM
91263,1,1,1,1,1,0,Fecha corte REPS: Mar 12 2026  3:11PM
91405,1,1,1,1,1,0,Fecha corte REPS: Mar 12 2026  3:11PM
91407,1,1,1,1,1,0,Fecha corte REPS: Mar 12 2026  3:11PM
91430,1,1,1,1,1,0,Fecha corte REPS: Mar 12 2026  3:11PM
91460,1,1,1,1,1,0,Fecha corte REPS: Mar 12 2026  3:11PM
91530,1,1,1,1,1,0,Fecha corte REPS: Mar 12 2026  3:11PM
91536,1,1,1,1,1,0,Fecha corte REPS: Mar 12 2026  3:11PM
91540,1,1,1,1,1,0,Fecha corte REPS: Mar 12 2026  3:11PM
91669,1,1,1,1,1,0,Fecha corte REPS: Mar 12 2026  3:11PM
91798,1,1,1,1,1,0,Fecha corte REPS: Mar 12 2026  3:11PM
94001,35,25,35,22,11,23,Fecha corte REPS: Mar 12 2026  3:11PM
94343,7,2,7,7,6,1,Fecha corte REPS: Mar 12 2026  3:11PM
94883,1,1,1,1,1,0,Fecha corte REPS: Mar 12 2026  3:11PM
94884,2,1,2,2,2,0,Fecha corte REPS: Mar 12 2026  3:11PM
94885,1,1,1,1,1,0,Fecha corte REPS: Mar 12 2026  3:11PM
94886,1,1,1,1,1,0,Fecha corte REPS: Mar 12 2026  3:11PM
94887,1,1,1,1,1,0,Fecha corte REPS: Mar 12 2026  3:11PM
94888,1,1,1,1,1,0,Fecha corte REPS: Mar 12 2026  3:11PM
95001,86,75,86,31,9,77,Fecha corte REPS: Mar 12 2026  3:11PM
95015,4,4,4,2,1,3,Fecha corte REPS: Mar 12 2026  3:11PM
95025,5,5,5,2,1,4,Fecha corte REPS: Mar 12 2026  3:11PM
95200,1,1,1,1,1,0,Fecha corte REPS: Mar 12 2026  3:11PM
97001,37,6,37,33,30,7,Fecha corte REPS: Mar 12 2026  3:11PM
97161,5,1,5,5,5,0,Fecha corte REPS: Mar 12 2026  3:11PM
97511,10,1,10,10,10,0,Fecha corte REPS: Mar 12 2026  3:11PM
97666,4,1,4,4,4,0,Fecha corte REPS: Mar 12 2026  3:11PM
97777,1,1,1,1,1,0,Fecha corte REPS: Mar 12 2026  3:11PM
97889,5,1,5,5,5,0,Fecha corte REPS: Mar 12 2026  3:11PM
99001,24,24,24,4,1,23,Fecha corte REPS: Mar 12 2026  3:11PM
99524,5,5,5,1,1,4,Fecha corte REPS: Mar 12 2026  3:11PM
99624,2,2,2,1,1,1,Fecha corte REPS: Mar 12 2026  3:11PM
99773,4,4,4,3,1,3,Fecha corte REPS: Mar 12 2026  3:11PM
