cod_mpio,year,rips_f_atenciones,rips_f_rows,rips_f_diagnosticos_distinct,rips_f_tipos_atencion_distinct
05001,2019,860989,1831,376,4
05001,2020,165395,819,341,4
05001,2021,237849,832,308,4
05002,2019,1398,141,74,4
05002,2020,483,71,41,4
05002,2021,680,87,43,4
05004,2019,33,22,20,4
05004,2020,22,19,13,4
05004,2021,8,7,4,2
05021,2019,126,67,42,4
05021,2020,147,39,27,4
05021,2021,62,32,18,3
05030,2019,3354,259,122,4
05030,2020,2412,188,128,4
05030,2021,942,125,77,4
05031,2019,766,100,77,4
05031,2020,344,57,46,4
05031,2021,954,105,69,3
05034,2019,2149,201,89,4
05034,2020,932,148,105,4
05034,2021,569,115,71,4
05036,2019,80,39,23,4
05036,2020,58,22,17,3
05036,2021,109,41,24,4
05038,2019,1317,168,84,4
05038,2020,970,126,74,4
05038,2021,1083,160,91,4
05040,2019,1310,158,102,4
05040,2020,646,151,112,4
05040,2021,1992,194,87,4
05042,2019,3035,299,110,4
05042,2020,2747,323,140,4
05042,2021,2208,279,109,4
05044,2019,99,17,16,2
05044,2020,48,20,14,3
05044,2021,38,16,14,3
05045,2019,13332,619,245,4
05045,2020,8348,363,178,4
05045,2021,8292,399,176,4
05051,2019,384,72,53,4
05051,2020,166,42,33,3
05051,2021,145,56,50,2
05055,2019,178,38,26,3
05055,2020,90,28,20,4
05055,2021,60,27,18,3
05059,2019,422,68,30,4
05059,2020,448,115,51,4
05059,2021,446,103,51,4
05079,2019,8494,613,195,4
05079,2020,4549,421,159,4
05079,2021,3467,269,141,4
05086,2019,318,88,43,4
05086,2020,225,78,37,4
05086,2021,165,47,26,4
05088,2019,81128,814,277,4
05088,2020,34884,413,217,4
05088,2021,48082,677,252,4
05091,2019,824,203,62,4
05091,2020,282,91,50,4
05091,2021,121,60,33,4
05093,2019,1305,268,106,4
05093,2020,335,88,48,4
05093,2021,354,94,48,3
05101,2019,8441,476,132,4
05101,2020,4737,335,129,4
05101,2021,5785,390,159,4
05107,2019,351,148,56,4
05107,2020,376,92,39,4
05107,2021,188,91,51,4
05113,2019,425,118,43,4
05113,2020,117,50,26,3
05113,2021,105,50,25,4
05120,2019,1035,170,67,4
05120,2020,895,180,70,4
05120,2021,1610,235,95,4
05125,2019,715,153,67,3
05125,2020,151,61,41,4
05125,2021,217,57,31,3
05129,2019,9780,392,173,4
05129,2020,9858,429,192,4
05129,2021,10840,434,188,4
05134,2019,344,100,58,4
05134,2020,112,36,20,3
05134,2021,88,35,18,3
05138,2019,989,204,91,4
05138,2020,153,82,49,3
05138,2021,295,116,50,4
05142,2019,352,95,40,3
05142,2020,207,84,27,4
05142,2021,102,48,15,3
05145,2019,776,161,57,3
05145,2020,365,102,39,4
05145,2021,134,67,24,3
05147,2019,3732,349,184,4
05147,2020,2403,317,152,4
05147,2021,2991,339,136,4
05148,2019,4720,317,172,4
05148,2020,4863,274,154,4
05148,2021,2432,198,91,4
05150,2019,611,78,51,4
05150,2020,542,66,48,4
05150,2021,646,95,52,4
05154,2019,14775,754,218,4
05154,2020,9023,588,193,4
05154,2021,8505,520,174,4
05172,2019,4942,438,190,4
05172,2020,2358,308,137,4
05172,2021,2939,366,107,4
05190,2019,721,134,82,4
05190,2020,169,33,25,3
05190,2021,225,40,21,3
05197,2019,412,89,42,4
05197,2020,417,84,55,4
05197,2021,338,84,47,4
05206,2019,160,55,31,4
05206,2020,85,29,22,4
05206,2021,61,25,14,2
05209,2019,1556,260,96,4
05209,2020,583,120,61,4
05209,2021,432,89,44,4
05212,2019,11229,484,222,4
05212,2020,11104,515,228,4
05212,2021,13705,754,212,4
05234,2019,2916,349,110,4
05234,2020,2030,267,102,4
05234,2021,3346,315,121,4
05237,2019,2378,247,110,4
05237,2020,589,90,52,4
05237,2021,325,54,51,4
05240,2019,186,42,22,4
05240,2020,54,18,18,3
05240,2021,107,25,21,3
05250,2019,3606,304,112,4
05250,2020,4198,368,140,4
05250,2021,5199,365,127,4
05264,2019,1030,211,101,4
05264,2020,710,128,71,4
05264,2021,743,170,81,4
05266,2019,30644,263,151,4
05266,2020,10115,211,122,4
05266,2021,38806,595,217,4
05282,2019,3637,302,124,4
05282,2020,1225,187,88,4
05282,2021,677,164,54,4
05284,2019,3549,346,129,4
05284,2020,2675,327,109,4
05284,2021,3695,365,107,4
05306,2019,240,107,32,4
05306,2020,347,78,28,4
05306,2021,110,76,24,4
05308,2019,7535,304,176,4
05308,2020,3082,179,139,4
05308,2021,2391,196,80,4
05310,2019,736,105,71,4
05310,2020,338,74,48,4
05310,2021,208,62,31,3
05313,2019,642,142,71,4
05313,2020,208,75,42,4
05313,2021,250,65,21,3
05315,2019,345,65,31,4
05315,2020,89,36,19,4
05315,2021,76,32,17,3
05318,2019,3117,258,109,4
05318,2020,2701,232,138,4
05318,2021,3047,236,123,4
05321,2019,670,165,68,4
05321,2020,691,124,61,4
05321,2021,635,119,56,4
05347,2019,362,115,47,4
05347,2020,147,59,32,3
05347,2021,69,40,19,3
05353,2019,503,111,54,4
05353,2020,456,91,48,4
05353,2021,871,137,62,4
05360,2019,65645,975,303,4
05360,2020,43741,670,277,4
05360,2021,17924,467,179,4
05361,2019,1491,270,93,4
05361,2020,630,139,67,4
05361,2021,382,109,59,4
05364,2019,2441,333,130,4
05364,2020,1325,166,73,4
05364,2021,488,131,68,4
05368,2019,2026,209,96,4
05368,2020,1334,170,87,4
05368,2021,1054,145,78,4
05376,2019,17352,627,224,4
05376,2020,13379,539,201,4
05376,2021,9422,484,203,4
05380,2019,10415,466,215,4
05380,2020,5781,346,172,4
05380,2021,3768,258,164,4
05390,2019,91,36,33,3
05390,2020,193,44,30,4
05390,2021,103,41,35,4
05400,2019,723,129,70,4
05400,2020,1248,146,67,4
05400,2021,1207,136,68,4
05411,2019,187,37,27,4
05411,2020,137,24,21,4
05411,2021,80,27,24,2
05425,2019,692,110,75,4
05425,2020,241,55,33,3
05425,2021,149,49,36,2
05440,2019,5765,310,194,4
05440,2020,3705,175,134,4
05440,2021,1744,109,60,4
05467,2019,526,61,46,4
05467,2020,349,23,20,3
05467,2021,57,12,12,4
05475,2019,76,16,13,3
05475,2020,35,11,10,2
05475,2021,6,4,4,2
05480,2019,101,32,22,4
05480,2020,85,15,14,4
05480,2021,102,35,32,4
05483,2019,346,76,44,4
05483,2020,96,27,21,4
05483,2021,61,20,13,3
05490,2019,217,37,37,3
05490,2020,395,90,66,4
05490,2021,675,133,95,4
05495,2019,839,150,91,4
05495,2020,679,132,82,4
05495,2021,1140,163,101,4
05501,2019,78,38,34,3
05501,2020,17,15,10,3
05501,2021,24,21,14,3
05541,2019,1058,179,95,4
05541,2020,958,165,67,4
05541,2021,1147,207,79,4
05543,2019,1136,185,60,4
05543,2020,598,149,48,4
05543,2021,1457,199,57,4
05576,2019,2682,356,97,4
05576,2020,2060,305,76,4
05576,2021,2433,291,79,4
05579,2019,3212,269,129,4
05579,2020,1859,239,106,4
05579,2021,1048,221,117,4
05585,2019,235,71,54,4
05585,2020,196,51,31,4
05585,2021,99,36,27,4
05591,2019,406,106,70,4
05591,2020,135,62,34,4
05591,2021,136,48,28,4
05604,2019,1327,238,84,4
05604,2020,883,165,81,4
05604,2021,1983,188,99,4
05607,2019,2479,272,77,4
05607,2020,1884,193,98,4
05607,2021,1290,149,110,4
05615,2019,30300,627,187,4
05615,2020,15035,274,135,4
05615,2021,10501,262,101,4
05628,2019,50,19,8,2
05628,2020,26,14,7,3
05628,2021,18,10,5,1
05631,2019,10341,225,129,4
05631,2020,574,49,47,4
05631,2021,916,67,66,4
05642,2019,92,14,10,3
05642,2020,112,27,18,4
05642,2021,48,19,15,4
05647,2019,18,10,5,3
05647,2020,40,16,5,1
05647,2021,4,2,1,1
05649,2019,264,60,29,3
05649,2020,113,33,14,2
05649,2021,104,42,17,4
05652,2019,88,32,16,4
05652,2020,56,26,13,2
05652,2021,57,29,15,3
05656,2019,1212,145,77,4
05656,2020,487,71,49,4
05656,2021,133,55,39,4
05658,2019,233,46,16,4
05658,2020,64,18,13,3
05658,2021,36,12,6,2
05659,2019,216,61,30,4
05659,2020,104,28,13,3
05659,2021,54,28,11,4
05660,2019,328,82,42,4
05660,2020,166,43,26,3
05660,2021,158,47,31,4
05664,2019,1074,137,84,4
05664,2020,476,101,80,4
05664,2021,556,134,94,4
05665,2019,1357,269,107,4
05665,2020,420,95,59,4
05665,2021,255,95,56,4
05667,2019,555,113,56,4
05667,2020,243,61,34,3
05667,2021,227,51,30,4
05670,2019,687,91,72,4
05670,2020,315,69,46,4
05670,2021,133,50,28,3
05674,2019,1901,215,100,4
05674,2020,239,48,32,4
05674,2021,218,50,30,4
05679,2019,1021,106,71,4
05679,2020,448,76,58,4
05679,2021,370,40,29,4
05686,2019,898,76,57,4
05686,2020,898,149,87,4
05686,2021,1453,216,114,4
05690,2019,840,150,78,4
05690,2020,440,105,64,4
05690,2021,335,69,49,4
05697,2019,2554,183,87,4
05697,2020,1521,135,101,4
05697,2021,1279,95,75,4
05736,2019,1566,117,97,4
05736,2020,1020,113,89,4
05736,2021,652,84,68,4
05756,2019,2011,163,76,4
05756,2020,1178,136,86,4
05756,2021,697,106,54,4
05761,2019,994,138,58,4
05761,2020,850,140,70,4
05761,2021,362,109,65,4
05789,2019,1683,231,84,4
05789,2020,1678,160,86,4
05789,2021,2034,228,118,4
05790,2019,1530,227,89,4
05790,2020,1414,190,97,4
05790,2021,2275,260,120,4
05792,2019,555,144,65,3
05792,2020,327,92,58,4
05792,2021,159,70,49,3
05809,2019,1581,189,83,4
05809,2020,699,83,53,3
05809,2021,193,53,41,3
05819,2019,289,86,41,3
05819,2020,131,32,20,4
05819,2021,39,22,16,2
05837,2019,3761,287,118,4
05837,2020,5642,398,166,4
05837,2021,5609,512,188,4
05842,2019,1034,183,71,4
05842,2020,551,129,46,4
05842,2021,1008,189,78,4
05847,2019,1762,222,113,4
05847,2020,552,108,68,4
05847,2021,609,73,45,3
05854,2019,637,101,51,4
05854,2020,946,110,66,4
05854,2021,1285,176,96,4
05856,2019,308,89,49,3
05856,2020,170,50,35,4
05856,2021,89,43,24,2
05858,2019,934,212,78,4
05858,2020,295,84,49,4
05858,2021,311,85,37,3
05861,2019,894,198,84,4
05861,2020,572,141,49,4
05861,2021,497,100,35,4
05873,2019,149,48,15,4
05873,2020,170,28,13,4
05873,2021,57,14,5,3
05885,2019,632,141,53,4
05885,2020,279,56,34,2
05885,2021,360,87,48,4
05887,2019,3958,297,163,4
05887,2020,688,89,74,4
05887,2021,1034,33,33,1
05890,2019,562,59,48,3
05890,2020,812,80,62,4
05890,2021,1312,98,77,4
05893,2019,124,57,30,4
05893,2020,57,30,20,3
05893,2021,112,26,14,4
05895,2019,690,152,63,4
05895,2020,1074,194,79,4
05895,2021,1867,216,101,4
08001,2019,340057,1277,365,4
08001,2020,201817,1096,370,4
08001,2021,297023,1023,363,4
08078,2019,7534,377,158,4
08078,2020,8313,386,187,4
08078,2021,6832,393,162,4
08137,2019,1822,252,145,4
08137,2020,4427,214,128,4
08137,2021,3757,149,106,4
08141,2019,318,86,53,4
08141,2020,549,116,79,4
08141,2021,1337,140,67,4
08296,2019,2582,146,65,4
08296,2020,1465,89,64,3
08296,2021,2820,188,109,4
08372,2019,1229,167,104,4
08372,2020,1940,216,92,4
08372,2021,1636,191,75,4
08421,2019,992,144,84,4
08421,2020,1961,156,89,4
08421,2021,2248,207,97,4
08433,2019,9354,374,233,4
08433,2020,4949,192,155,4
08433,2021,2860,68,63,4
08436,2019,509,62,40,4
08436,2020,811,81,53,4
08436,2021,1493,102,45,4
08520,2019,1828,154,74,4
08520,2020,753,82,65,4
08520,2021,426,81,52,4
08549,2019,92,27,19,3
08549,2020,46,21,14,4
08549,2021,55,23,12,2
08558,2019,518,48,44,4
08558,2020,1245,86,71,4
08558,2021,1079,120,51,4
08560,2019,590,98,73,4
08560,2020,1039,110,77,4
08560,2021,734,125,53,4
08573,2019,7317,380,178,4
08573,2020,2253,191,105,4
08573,2021,1485,178,119,4
08606,2019,1554,100,66,4
08606,2020,841,84,63,4
08606,2021,739,85,49,4
08634,2019,1063,185,105,4
08634,2020,2170,255,154,4
08634,2021,3782,223,80,4
08638,2019,7630,530,210,4
08638,2020,9044,467,224,4
08638,2021,8841,305,162,4
08675,2019,121,43,27,2
08675,2020,318,48,29,4
08675,2021,557,76,40,4
08685,2019,2284,217,94,4
08685,2020,2921,199,78,4
08685,2021,4540,256,93,4
08758,2019,78772,945,365,4
08758,2020,54054,924,340,4
08758,2021,55792,703,255,4
08770,2019,488,105,58,4
08770,2020,698,123,67,4
08770,2021,530,116,53,4
08832,2019,623,122,80,4
08832,2020,496,111,58,4
08832,2021,446,101,48,4
08849,2019,1593,98,54,4
08849,2020,1820,94,46,4
08849,2021,472,104,49,4
11001,2019,1103058,1369,400,4
11001,2020,578159,901,359,4
11001,2021,1084356,1191,382,4
13001,2019,108651,937,337,4
13001,2020,224803,2026,397,4
13001,2021,224402,746,285,4
13006,2019,2930,234,106,4
13006,2020,3836,183,74,4
13006,2021,1920,144,65,4
13030,2019,193,69,38,4
13030,2020,79,33,21,2
13030,2021,259,62,23,3
13042,2019,125,54,23,3
13042,2020,229,49,18,4
13042,2021,127,53,17,3
13052,2019,44662,580,237,4
13052,2020,21527,309,205,4
13052,2021,13471,289,136,4
13062,2019,820,89,47,3
13062,2020,285,41,26,2
13062,2021,378,80,44,2
13074,2019,340,113,39,4
13074,2020,92,65,25,4
13074,2021,354,49,17,3
13140,2019,1995,84,51,4
13140,2020,1201,76,67,4
13140,2021,1655,116,70,4
13160,2019,81,42,26,3
13160,2020,126,43,26,3
13160,2021,392,75,35,3
13188,2019,1809,225,88,4
13188,2020,1560,157,52,4
13188,2021,919,57,24,4
13212,2019,127,26,24,4
13212,2020,158,44,35,3
13212,2021,131,31,30,2
13222,2019,155,21,17,4
13222,2020,307,62,38,4
13222,2021,326,72,39,4
13244,2019,6391,308,204,4
13244,2020,7273,322,218,4
13244,2021,5932,181,89,4
13248,2019,55,35,35,3
13248,2020,390,80,78,3
13248,2021,688,46,24,4
13268,2019,24,13,12,4
13268,2020,103,12,11,3
13268,2021,42,19,17,4
13300,2019,92,16,12,3
13300,2020,94,25,15,4
13300,2021,138,32,19,4
13430,2019,4935,131,102,4
13430,2020,20174,215,129,4
13430,2021,4742,112,67,4
13433,2019,10103,100,88,4
13433,2020,3823,65,53,4
13433,2021,800,81,46,4
13440,2019,50,13,7,4
13440,2020,60,13,9,3
13440,2021,99,23,11,3
13442,2019,18587,166,99,4
13442,2020,21726,145,124,4
13442,2021,4058,46,34,3
13458,2019,314,53,34,3
13458,2020,78,23,20,3
13458,2021,5,5,2,1
13468,2019,1713,145,104,4
13468,2020,1365,47,42,4
13468,2021,1543,83,48,4
13473,2019,124,21,20,4
13473,2020,30,13,12,3
13473,2021,41,11,11,2
13490,2019,13,8,8,2
13490,2020,2,2,2,2
13490,2021,18,8,8,2
13549,2019,296,84,60,2
13549,2020,274,127,102,3
13549,2021,363,63,29,3
13580,2019,26,15,15,2
13580,2020,25,15,14,3
13580,2021,55,16,9,3
13600,2019,76,39,27,4
13600,2020,34,20,17,2
13600,2021,219,51,30,4
13620,2019,135,63,53,4
13620,2020,603,65,47,3
13620,2021,621,75,46,4
13647,2019,686,147,70,4
13647,2020,786,112,61,4
13647,2021,2338,147,62,4
13650,2019,479,63,23,3
13650,2020,131,60,22,4
13650,2021,186,40,19,3
13654,2019,1614,336,190,4
13654,2020,1038,232,181,4
13654,2021,1246,91,55,4
13655,2019,8,6,6,2
13655,2020,13,13,13,3
13655,2021,106,9,5,3
13657,2019,15161,316,246,4
13657,2020,18184,189,116,4
13657,2021,19050,320,102,4
13667,2019,1228,128,36,3
13667,2020,604,80,21,4
13667,2021,348,72,20,4
13670,2019,1070,179,80,4
13670,2020,864,125,68,4
13670,2021,660,119,62,3
13673,2019,944,101,71,4
13673,2020,566,103,60,4
13673,2021,1219,137,49,4
13683,2019,3282,251,116,4
13683,2020,1412,184,115,4
13683,2021,1026,142,87,4
13688,2019,377,68,54,4
13688,2020,687,63,47,4
13688,2021,319,57,32,4
13744,2019,591,240,112,4
13744,2020,469,202,109,4
13744,2021,466,118,38,4
13760,2019,198,63,45,4
13760,2020,402,68,34,4
13760,2021,551,70,31,4
13780,2019,215,71,45,4
13780,2020,329,64,48,4
13780,2021,807,81,56,4
13810,2019,374,142,98,4
13810,2020,227,87,68,4
13810,2021,311,75,51,4
13836,2019,72490,768,279,4
13836,2020,22621,580,215,4
13836,2021,31128,461,156,4
13838,2019,3150,120,81,4
13838,2020,7068,63,50,3
13838,2021,2647,64,40,3
13873,2019,2567,218,88,4
13873,2020,2272,159,74,4
13873,2021,2998,241,109,4
13894,2019,232,110,55,4
13894,2020,436,96,48,4
13894,2021,1767,99,51,3
15001,2019,23927,689,256,4
15001,2020,32396,753,235,4
15001,2021,46798,792,249,4
15022,2019,125,59,32,3
15022,2020,194,49,26,4
15022,2021,68,33,16,4
15047,2019,948,190,85,4
15047,2020,628,136,63,4
15047,2021,378,113,60,4
15051,2019,2083,106,55,4
15051,2020,547,103,45,4
15051,2021,103,41,28,4
15087,2019,211,56,43,4
15087,2020,181,45,31,4
15087,2021,276,70,51,4
15090,2019,79,22,17,4
15090,2020,121,29,18,2
15090,2021,108,31,24,3
15092,2019,22,15,10,2
15092,2020,39,12,9,3
15092,2021,81,14,7,3
15097,2019,433,111,79,4
15097,2020,443,97,61,4
15097,2021,236,80,43,4
15104,2019,754,180,65,4
15104,2020,883,158,80,4
15104,2021,672,135,83,4
15106,2019,28,16,12,4
15106,2020,36,19,13,2
15106,2021,21,15,9,3
15109,2019,148,48,29,2
15109,2020,236,44,22,4
15109,2021,101,38,20,3
15114,2019,4,2,2,1
15114,2020,36,12,7,1
15114,2021,5,3,2,1
15131,2019,107,37,21,2
15131,2020,196,64,36,4
15131,2021,119,42,27,4
15135,2019,141,33,20,4
15135,2020,107,28,18,3
15135,2021,224,56,36,3
15162,2019,343,54,30,4
15162,2020,267,50,30,3
15162,2021,254,45,29,3
15172,2019,247,57,28,4
15172,2020,113,26,18,3
15172,2021,226,35,20,3
15176,2019,4974,301,134,4
15176,2020,4631,236,123,4
15176,2021,4954,294,150,4
15180,2019,176,41,28,4
15180,2020,92,26,18,2
15180,2021,84,31,17,3
15183,2019,271,77,53,4
15183,2020,269,69,47,4
15183,2021,205,52,37,4
15185,2019,165,74,36,4
15185,2020,207,74,30,4
15185,2021,452,122,49,3
15187,2019,165,73,40,4
15187,2020,162,49,23,4
15187,2021,121,50,28,4
15189,2019,222,45,28,4
15189,2020,132,30,21,4
15189,2021,280,58,34,4
15204,2019,941,165,74,4
15204,2020,716,185,80,4
15204,2021,843,151,87,4
15212,2019,31,17,13,2
15212,2020,133,40,19,4
15212,2021,23,17,10,1
15215,2019,193,52,28,3
15215,2020,185,46,24,3
15215,2021,69,14,9,2
15218,2019,47,19,11,3
15218,2020,54,21,13,4
15218,2021,39,15,7,4
15223,2019,79,35,25,3
15223,2020,180,47,28,3
15223,2021,244,46,25,4
15224,2019,68,34,21,4
15224,2020,46,14,10,4
15224,2021,95,24,15,3
15226,2019,29,10,6,2
15226,2020,38,16,12,3
15226,2021,51,9,6,2
15232,2019,45,15,15,4
15232,2020,39,6,5,2
15232,2021,10,6,5,3
15236,2019,9,7,7,1
15236,2020,15,4,2,3
15236,2021,4,3,3,2
15238,2019,17395,527,234,4
15238,2020,16256,446,195,4
15238,2021,19995,684,209,4
15244,2019,408,63,26,3
15244,2020,285,78,27,4
15244,2021,304,74,24,4
15248,2019,308,74,21,2
15248,2020,246,77,17,3
15248,2021,176,64,17,2
15272,2019,271,89,29,4
15272,2020,677,87,29,4
15272,2021,318,85,26,3
15276,2019,461,85,31,4
15276,2020,165,59,24,4
15276,2021,353,110,44,4
15293,2019,413,174,67,4
15293,2020,764,117,55,4
15293,2021,245,92,43,4
15296,2019,154,72,40,4
15296,2020,378,104,48,4
15296,2021,193,72,37,3
15299,2019,1555,208,96,4
15299,2020,686,120,53,4
15299,2021,1388,175,76,4
15317,2019,64,38,20,3
15317,2020,81,22,16,2
15317,2021,118,40,21,4
15322,2019,355,106,60,4
15322,2020,474,88,47,4
15322,2021,656,109,63,4
15325,2019,202,63,32,3
15325,2020,208,32,13,4
15325,2021,99,34,14,4
15332,2019,342,43,25,4
15332,2020,257,30,20,3
15332,2021,141,64,37,4
15362,2019,78,44,26,3
15362,2020,184,50,24,4
15362,2021,105,48,23,4
15367,2019,580,146,59,4
15367,2020,549,75,31,4
15367,2021,677,132,59,4
15368,2019,137,50,21,4
15368,2020,122,42,25,4
15368,2021,125,32,14,3
15377,2019,56,28,20,2
15377,2020,47,15,7,4
15377,2021,49,22,13,2
15380,2019,59,27,17,4
15380,2020,18,12,8,2
15380,2021,112,42,19,3
15401,2019,30,22,9,3
15401,2020,66,26,11,3
15401,2021,55,18,8,2
15403,2019,494,73,31,4
15403,2020,153,46,19,4
15403,2021,385,76,26,3
15407,2019,1153,293,77,4
15407,2020,710,174,65,4
15407,2021,1147,229,76,4
15425,2019,179,41,28,3
15425,2020,86,22,19,3
15425,2021,147,43,25,4
15442,2019,68,35,34,4
15442,2020,124,56,43,4
15442,2021,264,76,50,4
15455,2019,1018,107,69,4
15455,2020,442,106,64,4
15455,2021,611,114,54,4
15464,2019,390,39,17,3
15464,2020,146,49,23,3
15464,2021,58,36,14,2
15466,2019,214,58,25,4
15466,2020,363,80,29,4
15466,2021,237,66,22,3
15469,2019,4538,455,139,4
15469,2020,2865,306,122,4
15469,2021,2325,295,147,4
15476,2019,130,41,27,3
15476,2020,287,57,34,4
15476,2021,278,57,37,4
15480,2019,274,64,47,4
15480,2020,338,51,37,4
15480,2021,220,56,41,4
15491,2019,227,44,44,3
15491,2020,621,55,47,4
15491,2021,245,57,48,4
15494,2019,176,61,47,4
15494,2020,267,60,31,4
15494,2021,192,52,29,4
15500,2019,210,81,46,4
15500,2020,171,62,30,4
15500,2021,252,72,40,4
15507,2019,135,59,41,4
15507,2020,187,46,27,3
15507,2021,133,46,27,3
15511,2019,215,65,35,4
15511,2020,81,30,22,4
15511,2021,186,57,39,3
15514,2019,169,50,33,4
15514,2020,161,38,25,3
15514,2021,128,43,26,3
15516,2019,6038,452,152,4
15516,2020,6349,470,141,4
15516,2021,7690,558,174,4
15518,2019,54,26,13,3
15518,2020,120,34,16,4
15518,2021,170,63,33,4
15522,2019,49,28,18,2
15522,2020,143,31,19,4
15522,2021,65,30,17,3
15531,2019,276,80,60,3
15531,2020,227,59,32,4
15531,2021,202,42,35,4
15533,2019,20,5,5,2
15533,2020,35,4,3,3
15533,2021,1,1,1,1
15537,2019,78,29,16,3
15537,2020,100,21,13,4
15537,2021,86,19,9,2
15542,2019,46,21,13,4
15542,2020,201,21,12,4
15542,2021,47,13,11,3
15550,2019,9,6,4,1
15550,2020,16,11,6,4
15550,2021,25,9,4,2
15572,2019,1390,213,115,4
15572,2020,3058,241,105,4
15572,2021,2336,277,136,4
15580,2019,244,83,41,4
15580,2020,319,94,40,3
15580,2021,500,85,38,4
15599,2019,1218,286,107,4
15599,2020,1058,203,95,4
15599,2021,963,161,92,4
15600,2019,266,107,54,4
15600,2020,273,81,40,4
15600,2021,263,71,31,4
15621,2019,58,20,15,3
15621,2020,61,16,12,2
15621,2021,82,33,22,2
15632,2019,522,134,70,4
15632,2020,226,60,39,4
15632,2021,278,56,39,3
15638,2019,54,25,21,4
15638,2020,70,29,22,3
15638,2021,95,33,22,4
15646,2019,671,140,66,4
15646,2020,797,106,77,4
15646,2021,704,95,80,4
15660,2019,42,17,17,2
15660,2020,43,18,14,4
15660,2021,93,29,26,2
15664,2019,214,70,37,4
15664,2020,133,51,29,4
15664,2021,146,50,31,3
15667,2019,238,65,42,4
15667,2020,217,52,36,4
15667,2021,172,66,40,4
15673,2019,192,70,49,4
15673,2020,246,63,43,4
15673,2021,235,72,38,4
15676,2019,99,36,25,4
15676,2020,102,22,16,2
15676,2021,69,40,28,2
15681,2019,146,42,31,3
15681,2020,159,37,33,3
15681,2021,202,56,41,4
15686,2019,125,30,20,4
15686,2020,166,44,31,3
15686,2021,90,31,24,3
15690,2019,159,34,28,3
15690,2020,86,39,25,4
15690,2021,133,31,23,4
15693,2019,531,52,34,4
15693,2020,374,68,42,2
15693,2021,94,28,19,3
15696,2019,129,45,38,4
15696,2020,78,19,16,2
15696,2021,52,31,18,4
15720,2019,131,57,35,4
15720,2020,137,43,26,2
15720,2021,188,44,22,3
15723,2019,133,32,21,2
15723,2020,124,18,11,2
15723,2021,42,21,15,3
15740,2019,136,38,25,4
15740,2020,182,33,23,4
15740,2021,296,36,24,3
15753,2019,878,122,61,4
15753,2020,435,62,33,4
15753,2021,406,61,31,3
15755,2019,153,50,29,4
15755,2020,150,52,33,4
15755,2021,267,61,36,4
15757,2019,225,47,38,3
15757,2020,106,27,21,4
15757,2021,287,49,44,4
15759,2019,12535,673,232,4
15759,2020,20792,541,169,4
15759,2021,5835,262,124,4
15761,2019,59,25,21,4
15761,2020,69,26,21,4
15761,2021,43,20,17,4
15762,2019,110,46,33,4
15762,2020,45,11,11,2
15762,2021,62,18,16,4
15763,2019,277,39,35,4
15763,2020,147,28,25,3
15763,2021,47,6,6,2
15764,2019,70,17,15,3
15764,2020,134,22,17,3
15764,2021,102,28,21,4
15774,2019,32,15,11,4
15774,2020,72,5,5,1
15774,2021,5,5,5,3
15776,2019,219,62,51,4
15776,2020,163,50,43,3
15776,2021,96,32,28,4
15778,2019,27,12,12,4
15778,2020,68,12,11,4
15778,2021,117,19,18,4
15790,2019,24,8,8,2
15790,2020,68,7,7,2
15790,2021,44,6,5,2
15798,2019,26,12,12,2
15798,2020,80,23,20,4
15798,2021,40,18,17,2
15804,2019,191,47,40,4
15804,2020,264,49,36,4
15804,2021,313,65,44,4
15806,2019,622,132,92,4
15806,2020,993,118,80,4
15806,2021,736,93,66,4
15808,2019,256,60,37,4
15808,2020,255,46,23,4
15808,2021,153,50,30,3
15810,2019,133,48,34,3
15810,2020,98,22,19,3
15810,2021,39,17,16,3
15814,2019,166,54,32,4
15814,2020,86,27,20,3
15814,2021,111,33,30,3
15816,2019,117,35,30,4
15816,2020,87,22,19,4
15816,2021,38,12,12,2
15820,2019,62,21,20,3
15820,2020,91,16,13,4
15820,2021,48,15,15,3
15822,2019,61,31,26,4
15822,2020,134,43,30,3
15822,2021,126,43,31,4
15832,2019,17,8,8,1
15832,2020,32,15,7,2
15832,2021,44,22,16,3
15835,2019,288,64,28,4
15835,2020,465,74,35,4
15835,2021,212,48,22,4
15837,2019,480,123,59,4
15837,2020,318,93,59,4
15837,2021,286,77,58,4
15839,2019,44,22,18,3
15839,2020,31,14,10,3
15839,2021,30,11,8,2
15842,2019,169,44,28,3
15842,2020,125,30,18,3
15842,2021,96,22,14,2
15861,2019,443,126,71,4
15861,2020,366,86,55,4
15861,2021,452,67,50,4
15879,2019,172,48,28,3
15879,2020,189,39,24,3
15879,2021,202,62,33,4
15897,2019,316,57,29,4
15897,2020,205,46,28,3
15897,2021,506,58,31,3
17001,2019,86804,700,320,4
17001,2020,122317,1064,338,4
17001,2021,70031,774,304,4
17013,2019,1496,233,104,4
17013,2020,1485,184,90,4
17013,2021,1483,178,86,4
17042,2019,2979,306,143,4
17042,2020,2263,211,118,4
17042,2021,403,82,64,4
17050,2019,1035,64,60,4
17050,2020,924,96,64,4
17050,2021,1160,119,78,4
17088,2019,699,130,74,4
17088,2020,1103,157,73,4
17088,2021,667,155,79,4
17174,2019,7045,289,152,4
17174,2020,4724,275,159,4
17174,2021,4815,284,156,4
17272,2019,1272,172,99,4
17272,2020,593,90,58,4
17272,2021,615,111,73,4
17380,2019,3907,302,153,4
17380,2020,7204,326,178,4
17380,2021,6319,287,194,4
17388,2019,125,23,23,4
17388,2020,59,20,17,3
17388,2021,73,33,22,4
17433,2019,820,96,72,4
17433,2020,882,109,69,4
17433,2021,558,79,46,4
17442,2019,580,119,70,4
17442,2020,621,100,55,4
17442,2021,410,64,35,4
17444,2019,413,71,35,4
17444,2020,612,106,44,4
17444,2021,293,82,51,4
17446,2019,111,49,40,4
17446,2020,103,31,27,4
17446,2021,79,39,32,4
17486,2019,1622,220,145,4
17486,2020,1999,199,117,4
17486,2021,1990,184,114,4
17495,2019,319,85,63,3
17495,2020,366,73,46,4
17495,2021,244,74,62,4
17513,2019,1060,192,121,4
17513,2020,1337,202,84,4
17513,2021,1497,221,111,4
17524,2019,1347,215,103,4
17524,2020,1434,178,83,4
17524,2021,745,156,89,4
17541,2019,641,115,82,4
17541,2020,954,122,86,4
17541,2021,611,112,81,4
17614,2019,3410,281,149,4
17614,2020,2764,264,115,4
17614,2021,2719,307,132,4
17616,2019,835,172,92,4
17616,2020,615,126,75,4
17616,2021,785,146,92,4
17653,2019,2707,241,119,4
17653,2020,2312,241,92,4
17653,2021,2270,322,112,4
17662,2019,832,148,90,4
17662,2020,1005,146,81,4
17662,2021,1118,185,103,4
17665,2019,195,80,55,4
17665,2020,88,39,30,3
17665,2021,147,50,36,4
17777,2019,516,45,41,3
17777,2020,13,4,4,2
17777,2021,270,43,41,4
17867,2019,153,51,41,4
17867,2020,242,56,40,4
17867,2021,352,87,55,4
17873,2019,4900,273,170,4
17873,2020,5888,295,175,4
17873,2021,3938,239,159,4
17877,2019,580,101,60,4
17877,2020,1098,126,67,4
17877,2021,1011,164,83,4
18001,2019,24904,533,238,4
18001,2020,23017,365,193,4
18001,2021,23937,473,233,4
18029,2019,503,87,37,4
18029,2020,304,65,30,4
18029,2021,591,81,41,4
18094,2019,1189,124,62,4
18094,2020,727,72,46,4
18094,2021,1515,105,57,4
18150,2019,3306,142,57,4
18150,2020,1752,84,56,4
18150,2021,1260,123,85,4
18205,2019,964,82,36,4
18205,2020,362,61,44,4
18205,2021,393,100,53,4
18247,2019,1539,130,59,4
18247,2020,1617,119,70,4
18247,2021,1577,115,80,4
18256,2019,3188,164,76,4
18256,2020,1469,109,56,4
18256,2021,1403,121,74,4
18410,2019,1216,209,71,4
18410,2020,995,114,48,4
18410,2021,1075,151,69,4
18460,2019,331,67,29,3
18460,2020,253,48,27,4
18460,2021,818,68,41,4
18479,2019,159,48,28,4
18479,2020,129,32,24,3
18479,2021,200,30,22,2
18592,2019,904,55,50,4
18592,2020,1234,24,22,4
18592,2021,152,16,16,3
18610,2019,720,52,28,4
18610,2020,515,68,37,4
18610,2021,1464,118,55,4
18753,2019,1035,119,50,4
18753,2020,1040,130,88,4
18753,2021,2665,203,127,4
18756,2019,635,46,29,4
18756,2020,60,17,16,4
18756,2021,260,42,34,4
18785,2019,166,35,22,3
18785,2020,196,24,20,4
18785,2021,175,23,19,4
18860,2019,723,52,33,4
18860,2020,326,34,24,4
18860,2021,243,40,27,4
19001,2019,35356,606,278,4
19001,2020,27031,431,232,4
19001,2021,13418,345,203,4
19022,2019,309,78,55,4
19022,2020,326,64,41,4
19022,2021,582,89,58,3
19050,2019,1392,184,87,4
19050,2020,888,144,73,4
19050,2021,977,161,81,4
19075,2019,1523,164,75,4
19075,2020,1101,202,86,4
19075,2021,1532,219,112,4
19100,2019,1871,208,125,4
19100,2020,2175,224,106,4
19100,2021,2173,240,127,4
19110,2019,712,91,68,4
19110,2020,225,44,39,4
19110,2021,1157,88,53,3
19130,2019,1694,229,99,4
19130,2020,1245,164,83,4
19130,2021,830,113,76,4
19137,2019,1409,216,107,4
19137,2020,1784,190,98,4
19137,2021,1549,259,114,4
19142,2019,1939,204,101,3
19142,2020,1167,157,87,4
19142,2021,1185,120,73,4
19212,2019,1636,214,141,4
19212,2020,1027,124,95,4
19212,2021,990,127,81,4
19256,2019,5582,371,171,4
19256,2020,3857,306,126,4
19256,2021,2842,258,112,4
19290,2019,198,43,36,4
19290,2020,873,64,49,4
19290,2021,538,76,60,4
19300,2019,1060,147,102,4
19300,2020,1268,126,90,4
19300,2021,1940,188,92,4
19318,2019,1262,202,106,4
19318,2020,768,110,67,4
19318,2021,647,164,73,4
19355,2019,760,93,71,4
19355,2020,671,133,59,4
19355,2021,2192,166,68,4
19364,2019,460,142,67,4
19364,2020,315,80,38,4
19364,2021,151,81,37,3
19392,2019,1351,166,79,4
19392,2020,1165,141,65,4
19392,2021,2136,230,103,4
19397,2019,970,150,86,4
19397,2020,765,134,87,4
19397,2021,1218,157,99,4
19418,2019,408,81,43,4
19418,2020,181,44,25,4
19418,2021,199,62,32,4
19450,2019,5368,266,105,4
19450,2020,2919,266,98,4
19450,2021,5876,360,105,4
19455,2019,2623,356,147,4
19455,2020,2660,309,143,4
19455,2021,3035,387,157,4
19473,2019,1779,199,111,4
19473,2020,1918,144,75,4
19473,2021,827,112,70,4
19513,2019,476,67,36,4
19513,2020,372,30,15,3
19513,2021,91,26,14,2
19517,2019,353,59,48,4
19517,2020,290,60,54,4
19517,2021,166,33,32,3
19532,2019,1722,194,142,4
19532,2020,1729,207,126,4
19532,2021,3213,279,130,4
19533,2019,393,89,44,4
19533,2020,173,60,27,4
19533,2021,268,52,23,4
19548,2019,1524,151,114,4
19548,2020,733,97,74,4
19548,2021,1358,184,124,4
19573,2019,4753,294,110,4
19573,2020,3351,140,91,4
19573,2021,2232,171,103,4
19585,2019,1608,183,92,4
19585,2020,913,158,81,4
19585,2021,1277,162,94,4
19622,2019,1306,201,90,4
19622,2020,1089,131,58,4
19622,2021,1231,166,87,4
19693,2019,239,48,24,4
19693,2020,469,56,28,3
19693,2021,278,55,37,3
19698,2019,8344,229,116,4
19698,2020,5104,152,100,4
19698,2021,5218,246,143,4
19701,2019,136,35,25,4
19701,2020,171,25,19,3
19701,2021,232,62,45,4
19743,2019,1117,118,90,4
19743,2020,711,95,63,4
19743,2021,926,135,82,4
19760,2019,890,144,81,4
19760,2020,1072,144,75,4
19760,2021,694,96,50,4
19780,2019,553,127,65,4
19780,2020,461,82,42,4
19780,2021,406,83,51,4
19785,2019,322,70,33,4
19785,2020,752,76,38,4
19785,2021,1044,73,37,3
19807,2019,1685,197,88,4
19807,2020,2219,167,73,4
19807,2021,1557,147,90,4
19809,2019,539,166,71,4
19809,2020,371,128,59,4
19809,2021,384,142,70,4
19821,2019,664,140,62,4
19821,2020,905,108,60,4
19821,2021,1676,132,85,4
19824,2019,1096,87,63,4
19824,2020,513,83,57,4
19824,2021,920,108,75,4
19845,2019,795,98,78,4
19845,2020,850,108,76,4
19845,2021,722,85,63,3
20001,2019,79294,886,306,4
20001,2020,100041,1438,315,4
20001,2021,58739,816,294,4
20011,2019,8755,248,162,4
20011,2020,7673,213,152,4
20011,2021,5211,196,143,4
20013,2019,8934,359,183,4
20013,2020,3936,220,117,4
20013,2021,2478,185,103,4
20032,2019,162,47,32,4
20032,2020,290,28,24,4
20032,2021,439,51,36,4
20045,2019,2335,69,41,4
20045,2020,474,81,34,4
20045,2021,572,154,60,4
20060,2019,10598,543,151,4
20060,2020,3065,305,98,4
20060,2021,981,193,74,4
20175,2019,1215,129,69,4
20175,2020,737,114,50,4
20175,2021,367,91,46,4
20178,2019,2531,174,95,4
20178,2020,1000,210,98,4
20178,2021,688,162,85,4
20228,2019,3257,240,111,4
20228,2020,1423,163,93,4
20228,2021,321,40,36,4
20238,2019,802,116,64,4
20238,2020,518,101,63,4
20238,2021,807,99,69,4
20250,2019,7687,269,115,4
20250,2020,2086,158,86,4
20250,2021,312,85,47,4
20295,2019,368,56,31,4
20295,2020,202,41,32,4
20295,2021,187,56,43,4
20310,2019,529,86,51,4
20310,2020,453,67,45,4
20310,2021,118,39,27,3
20383,2019,923,141,66,4
20383,2020,541,108,58,4
20383,2021,152,57,32,3
20400,2019,1744,158,92,4
20400,2020,2068,163,85,4
20400,2021,3223,250,94,4
20443,2019,1023,190,77,4
20443,2020,442,98,40,4
20443,2021,864,109,41,4
20517,2019,2917,208,95,4
20517,2020,3148,235,69,4
20517,2021,2700,322,89,4
20550,2019,1811,307,103,4
20550,2020,1335,207,69,4
20550,2021,1385,173,66,4
20570,2019,826,149,61,4
20570,2020,131,40,22,4
20570,2021,255,53,34,4
20614,2019,860,103,68,4
20614,2020,1293,131,70,4
20614,2021,1704,96,65,4
20621,2019,2073,138,86,4
20621,2020,866,107,79,4
20621,2021,982,133,73,4
20710,2019,5191,448,165,4
20710,2020,1950,196,87,4
20710,2021,4388,359,121,4
20750,2019,1663,209,75,4
20750,2020,2595,229,95,4
20750,2021,1363,180,80,4
20770,2019,1829,248,136,4
20770,2020,1399,225,106,4
20770,2021,1184,188,99,4
20787,2019,1027,170,82,4
20787,2020,489,146,63,4
20787,2021,559,126,61,4
23001,2019,46289,702,347,4
23001,2020,18062,313,212,4
23001,2021,11000,252,102,4
23068,2019,1435,209,88,4
23068,2020,1634,322,122,4
23068,2021,4070,288,102,4
23079,2019,570,103,53,4
23079,2020,663,150,45,4
23079,2021,563,131,48,4
23090,2019,915,211,74,4
23090,2020,1230,210,101,4
23090,2021,1416,159,46,4
23162,2019,13422,772,307,4
23162,2020,4270,413,254,4
23162,2021,8720,572,180,4
23168,2019,965,124,57,4
23168,2020,407,139,58,4
23168,2021,614,124,47,4
23182,2019,5694,795,257,4
23182,2020,7610,808,259,4
23182,2021,5849,429,134,4
23189,2019,7383,638,272,4
23189,2020,4408,474,241,4
23189,2021,7857,344,92,4
23300,2019,949,279,147,4
23300,2020,711,176,111,4
23300,2021,1450,144,91,4
23350,2019,1433,102,52,4
23350,2020,133,45,34,4
23350,2021,125,79,40,4
23417,2019,5946,387,184,4
23417,2020,3703,249,168,4
23417,2021,6442,372,155,4
23419,2019,666,104,51,4
23419,2020,394,92,53,4
23419,2021,600,81,41,4
23464,2019,1445,411,188,4
23464,2020,996,294,122,4
23464,2021,582,87,45,3
23466,2019,4316,353,116,4
23466,2020,2436,310,146,4
23466,2021,2908,341,128,4
23500,2019,631,244,124,4
23500,2020,2375,162,104,4
23500,2021,1648,139,77,4
23555,2019,4763,403,197,4
23555,2020,1466,215,124,4
23555,2021,5346,342,108,4
23570,2019,1146,257,108,4
23570,2020,1966,309,126,4
23570,2021,2868,323,105,4
23574,2019,787,186,62,4
23574,2020,963,133,53,4
23574,2021,939,135,50,4
23580,2019,6548,147,62,4
23580,2020,742,141,62,4
23580,2021,679,133,45,4
23586,2019,1211,457,178,4
23586,2020,1403,346,180,4
23586,2021,738,152,56,4
23660,2019,12534,789,257,4
23660,2020,11178,719,216,4
23660,2021,10339,546,160,4
23670,2019,7594,267,137,4
23670,2020,19053,348,168,4
23670,2021,29230,275,73,4
23672,2019,1601,393,238,4
23672,2020,1116,165,120,4
23672,2021,1071,188,109,4
23675,2019,607,161,85,4
23675,2020,1735,234,134,4
23675,2021,1540,177,83,4
23678,2019,660,151,76,4
23678,2020,739,117,70,4
23678,2021,676,163,58,4
23682,2019,123,105,43,3
23682,2020,214,124,61,2
23682,2021,133,47,21,4
23686,2019,3827,473,215,4
23686,2020,2337,378,176,4
23686,2021,2878,288,109,3
23807,2019,7083,534,175,4
23807,2020,3323,588,245,4
23807,2021,1688,220,122,4
23815,2019,893,341,145,4
23815,2020,4721,387,215,4
23815,2021,6131,211,90,4
23855,2019,1612,194,96,4
23855,2020,1057,224,97,4
23855,2021,983,226,80,4
25001,2019,10680,422,229,4
25001,2020,2267,234,131,4
25001,2021,6300,215,111,4
25019,2019,2301,161,84,4
25019,2020,3827,217,102,4
25019,2021,1268,170,86,4
25035,2019,661,149,86,4
25035,2020,518,121,73,4
25035,2021,592,152,77,4
25040,2019,398,114,66,4
25040,2020,275,57,35,4
25040,2021,421,89,50,4
25053,2019,459,107,67,4
25053,2020,579,118,65,4
25053,2021,255,79,62,4
25086,2019,14,10,8,3
25086,2020,43,7,6,3
25086,2021,8,6,6,3
25095,2019,59,23,21,3
25095,2020,45,11,9,4
25095,2021,23,15,15,3
25099,2019,105,17,16,3
25099,2020,223,15,14,4
25099,2021,143,30,23,4
25120,2019,61,24,23,3
25120,2020,23,13,9,4
25120,2021,71,31,25,3
25123,2019,232,52,41,4
25123,2020,254,83,43,4
25123,2021,408,102,60,4
25126,2019,17514,642,220,4
25126,2020,12697,650,202,4
25126,2021,11049,511,180,4
25148,2019,144,47,35,4
25148,2020,168,51,31,4
25148,2021,184,70,40,4
25151,2019,869,125,75,4
25151,2020,523,79,57,4
25151,2021,1307,103,63,4
25154,2019,232,53,31,4
25154,2020,162,47,28,4
25154,2021,204,57,36,4
25168,2019,194,69,44,4
25168,2020,271,55,30,4
25168,2021,431,128,51,4
25175,2019,22976,844,249,4
25175,2020,31046,943,252,4
25175,2021,15271,667,249,4
25178,2019,860,169,98,4
25178,2020,654,108,64,4
25178,2021,711,107,78,4
25181,2019,839,191,83,4
25181,2020,981,105,46,4
25181,2021,548,111,54,4
25183,2019,3376,316,136,4
25183,2020,2546,245,116,4
25183,2021,2392,252,126,4
25200,2019,706,113,69,4
25200,2020,651,87,59,3
25200,2021,606,96,53,4
25214,2019,1891,215,121,4
25214,2020,2107,211,120,4
25214,2021,1552,182,106,4
25224,2019,647,138,55,4
25224,2020,222,57,34,4
25224,2021,364,101,49,4
25245,2019,1611,254,133,4
25245,2020,1923,167,93,4
25245,2021,722,112,85,4
25258,2019,2735,203,122,4
25258,2020,1480,139,73,4
25258,2021,645,95,55,4
25260,2019,1598,224,111,4
25260,2020,2484,242,113,4
25260,2021,2166,246,114,4
25269,2019,22545,866,236,4
25269,2020,25153,869,223,4
25269,2021,32383,1034,244,4
25279,2019,1086,258,81,4
25279,2020,1569,220,61,4
25279,2021,1462,314,83,4
25281,2019,802,169,64,4
25281,2020,753,124,43,4
25281,2021,644,158,60,4
25286,2019,10912,654,241,4
25286,2020,15625,666,218,4
25286,2021,11110,701,209,4
25288,2019,496,130,56,4
25288,2020,304,44,26,4
25288,2021,208,70,38,4
25290,2019,19535,599,237,4
25290,2020,21062,469,199,4
25290,2021,32455,1027,253,4
25293,2019,340,92,30,4
25293,2020,392,96,36,4
25293,2021,689,169,45,4
25295,2019,1845,399,118,4
25295,2020,1525,220,89,4
25295,2021,935,222,105,4
25297,2019,508,127,70,4
25297,2020,675,105,47,4
25297,2021,470,84,41,4
25299,2019,57,31,20,4
25299,2020,86,40,20,4
25299,2021,71,30,17,4
25307,2019,29343,988,278,4
25307,2020,24187,877,265,4
25307,2021,26865,921,273,4
25312,2019,105,48,22,4
25312,2020,141,48,23,3
25312,2021,152,76,35,4
25317,2019,1246,210,104,4
25317,2020,575,145,66,4
25317,2021,435,115,74,4
25320,2019,999,117,71,4
25320,2020,1219,116,68,4
25320,2021,704,133,83,4
25322,2019,1263,232,83,4
25322,2020,1745,190,74,4
25322,2021,1086,240,95,4
25324,2019,197,56,28,3
25324,2020,35,16,8,4
25324,2021,94,38,24,3
25326,2019,480,123,61,4
25326,2020,408,91,51,4
25326,2021,633,129,58,4
25328,2019,259,82,36,4
25328,2020,184,57,30,4
25328,2021,162,69,28,4
25335,2019,529,175,66,4
25335,2020,520,82,32,4
25335,2021,479,153,57,4
25339,2019,139,56,27,2
25339,2020,241,58,30,3
25339,2021,268,77,36,3
25368,2019,98,43,24,3
25368,2020,120,38,19,4
25368,2021,119,37,21,3
25372,2019,494,147,58,4
25372,2020,314,73,32,4
25372,2021,378,124,54,4
25377,2019,2108,253,120,4
25377,2020,2573,261,117,4
25377,2021,1902,224,112,4
25386,2019,3152,299,153,4
25386,2020,2808,226,120,4
25386,2021,3306,299,122,4
25394,2019,1201,270,75,4
25394,2020,1513,212,63,4
25394,2021,1043,232,65,4
25398,2019,265,84,26,4
25398,2020,405,75,28,3
25398,2021,204,66,28,3
25402,2019,1766,286,102,4
25402,2020,1840,252,87,4
25402,2021,1958,347,114,4
25407,2019,498,152,66,4
25407,2020,468,118,43,4
25407,2021,713,186,57,4
25426,2019,1068,213,64,4
25426,2020,1122,176,57,4
25426,2021,730,174,53,4
25430,2019,9620,538,177,4
25430,2020,23754,785,191,4
25430,2021,25379,984,220,4
25436,2019,770,157,67,4
25436,2020,640,116,49,4
25436,2021,480,97,40,4
25438,2019,295,147,51,3
25438,2020,613,125,44,4
25438,2021,295,103,54,4
25473,2019,5651,323,204,4
25473,2020,4086,179,127,4
25473,2021,5568,331,199,4
25483,2019,106,23,20,4
25483,2020,37,12,10,2
25483,2021,39,21,21,2
25486,2019,561,106,66,4
25486,2020,629,111,67,4
25486,2021,705,157,81,4
25488,2019,308,80,38,4
25488,2020,308,72,35,4
25488,2021,337,73,35,4
25489,2019,225,53,38,4
25489,2020,119,35,25,4
25489,2021,200,59,31,4
25491,2019,293,69,35,4
25491,2020,245,48,26,4
25491,2021,153,47,25,4
25506,2019,165,50,22,4
25506,2020,109,38,22,3
25506,2021,146,61,26,4
25513,2019,1656,203,100,4
25513,2020,1822,196,110,4
25513,2021,1909,178,109,4
25518,2019,133,63,45,4
25518,2020,109,29,18,4
25518,2021,66,37,24,4
25524,2019,172,43,21,4
25524,2020,181,23,13,3
25524,2021,183,70,34,4
25530,2019,350,150,59,4
25530,2020,279,97,33,4
25530,2021,544,191,66,4
25535,2019,467,125,72,3
25535,2020,415,94,51,4
25535,2021,537,119,60,4
25572,2019,978,270,95,4
25572,2020,1373,204,65,4
25572,2021,1218,299,97,4
25580,2019,87,46,22,4
25580,2020,161,42,18,4
25580,2021,88,48,21,4
25592,2019,549,128,54,4
25592,2020,315,83,35,4
25592,2021,379,87,40,4
25594,2019,243,60,34,3
25594,2020,205,66,34,3
25594,2021,422,120,59,4
25596,2019,439,158,70,4
25596,2020,251,77,36,4
25596,2021,842,186,61,4
25599,2019,690,190,88,4
25599,2020,481,98,58,4
25599,2021,653,169,86,4
25612,2019,927,135,72,4
25612,2020,448,109,71,4
25612,2021,426,96,67,4
25645,2019,142,45,34,4
25645,2020,221,42,35,4
25645,2021,168,56,35,4
25649,2019,461,81,40,4
25649,2020,292,67,33,4
25649,2021,447,109,58,4
25653,2019,231,50,32,4
25653,2020,154,40,24,3
25653,2021,119,49,28,4
25658,2019,3857,263,102,4
25658,2020,2469,198,94,4
25658,2021,1196,197,79,4
25662,2019,298,116,79,4
25662,2020,633,119,57,4
25662,2021,318,103,61,4
25718,2019,321,117,65,4
25718,2020,352,94,54,4
25718,2021,1021,120,54,4
25736,2019,563,165,73,4
25736,2020,831,126,52,4
25736,2021,675,119,56,4
25740,2019,15882,336,170,4
25740,2020,13424,233,134,4
25740,2021,11162,189,116,4
25743,2019,778,148,68,4
25743,2020,2074,242,83,4
25743,2021,2190,324,88,4
25745,2019,310,102,36,4
25745,2020,476,101,30,4
25745,2021,596,180,44,4
25754,2019,40253,693,244,4
25754,2020,57854,903,294,4
25754,2021,41862,842,308,4
25758,2019,3791,376,160,4
25758,2020,2874,316,140,4
25758,2021,2640,298,129,4
25769,2019,701,105,73,4
25769,2020,438,60,42,4
25769,2021,219,43,42,3
25772,2019,189,32,30,4
25772,2020,255,32,31,4
25772,2021,392,46,40,4
25777,2019,172,53,41,4
25777,2020,149,31,26,4
25777,2021,103,35,27,3
25779,2019,137,52,39,4
25779,2020,369,61,33,4
25779,2021,290,110,57,4
25781,2019,500,113,54,4
25781,2020,418,104,46,4
25781,2021,213,70,37,4
25785,2019,1352,176,85,4
25785,2020,1713,208,92,4
25785,2021,1498,183,100,4
25793,2019,362,122,69,4
25793,2020,288,73,38,4
25793,2021,142,62,42,4
25797,2019,585,136,64,4
25797,2020,595,101,45,4
25797,2021,534,137,58,4
25799,2019,2033,299,139,4
25799,2020,1699,216,105,4
25799,2021,1448,249,116,4
25805,2019,383,102,54,4
25805,2020,356,74,36,4
25805,2021,264,66,36,2
25807,2019,656,119,50,4
25807,2020,259,57,32,4
25807,2021,387,101,45,4
25815,2019,2589,217,107,4
25815,2020,2528,199,107,4
25815,2021,2104,261,119,4
25817,2019,2630,267,150,4
25817,2020,4644,345,153,4
25817,2021,4629,323,146,4
25823,2019,122,46,35,2
25823,2020,255,44,31,4
25823,2021,108,51,34,4
25839,2019,219,66,39,4
25839,2020,198,54,29,4
25839,2021,204,88,43,4
25841,2019,543,174,80,4
25841,2020,512,115,67,4
25841,2021,461,135,73,4
25843,2019,8837,452,192,4
25843,2020,6877,528,183,4
25843,2021,4394,475,181,4
25845,2019,331,145,73,4
25845,2020,265,71,47,4
25845,2021,435,132,79,4
25851,2019,296,80,43,4
25851,2020,465,73,40,4
25851,2021,294,116,52,4
25862,2019,574,117,55,4
25862,2020,443,72,30,4
25862,2021,341,79,29,4
25867,2019,296,114,42,4
25867,2020,121,64,24,4
25867,2021,88,68,25,4
25871,2019,220,78,29,4
25871,2020,82,38,17,2
25871,2021,109,53,18,3
25873,2019,1545,274,74,4
25873,2020,1328,185,71,4
25873,2021,1006,180,49,4
25875,2019,1734,195,120,4
25875,2020,1681,221,114,4
25875,2021,2000,254,137,4
25878,2019,532,146,97,4
25878,2020,368,77,48,4
25878,2021,518,75,47,4
25885,2019,604,114,73,4
25885,2020,454,72,45,4
25885,2021,451,103,66,4
25898,2019,88,33,28,4
25898,2020,94,16,15,3
25898,2021,55,22,19,4
25899,2019,12642,537,208,4
25899,2020,25525,837,218,4
25899,2021,13362,689,207,4
27001,2019,10759,646,244,4
27001,2020,9061,679,215,4
27001,2021,4730,354,205,4
27006,2019,117,52,39,4
27006,2020,161,41,30,4
27006,2021,281,55,38,4
27025,2019,52,31,26,4
27025,2020,74,27,18,3
27025,2021,34,22,19,3
27050,2019,134,52,37,3
27050,2020,94,41,25,4
27050,2021,39,20,14,3
27073,2019,56,36,27,4
27073,2020,63,26,19,4
27073,2021,62,13,8,3
27075,2019,123,55,34,3
27075,2020,134,45,27,3
27075,2021,100,41,30,4
27077,2019,38,21,17,4
27077,2020,31,16,14,3
27077,2021,24,13,9,4
27099,2019,222,76,48,4
27099,2020,278,80,43,4
27099,2021,1090,25,16,4
27135,2019,123,43,24,3
27135,2020,80,35,17,3
27135,2021,40,22,10,3
27150,2019,19,17,11,4
27150,2020,10,10,6,1
27150,2021,10,9,8,2
27160,2019,122,42,27,2
27160,2020,181,53,29,2
27160,2021,67,42,29,2
27205,2019,133,37,27,4
27205,2020,67,27,22,4
27205,2021,125,47,32,3
27245,2019,165,51,34,4
27245,2020,376,48,30,3
27245,2021,153,48,27,3
27250,2019,5,4,3,1
27250,2020,3,3,2,1
27250,2021,7,7,5,2
27361,2019,152,52,36,4
27361,2020,278,55,34,4
27361,2021,267,54,40,3
27372,2019,1,1,1,1
27372,2020,3,2,2,2
27372,2021,1,1,1,1
27413,2019,166,68,27,4
27413,2020,60,26,10,4
27413,2021,12,11,6,1
27425,2019,111,52,29,4
27425,2020,162,59,25,4
27425,2021,53,34,16,2
27430,2019,261,68,31,4
27430,2020,136,46,21,4
27430,2021,58,31,19,3
27450,2019,102,39,26,3
27450,2020,33,15,10,3
27450,2021,22,17,14,3
27491,2019,143,48,26,4
27491,2020,150,56,24,4
27491,2021,49,34,21,3
27495,2019,60,36,24,4
27495,2020,55,29,15,4
27495,2021,73,44,25,4
27580,2019,65,32,21,4
27580,2020,30,20,15,3
27580,2021,15,6,4,2
27600,2019,110,51,32,4
27600,2020,89,24,21,4
27600,2021,31,14,11,2
27615,2019,81,37,26,4
27615,2020,44,22,12,4
27615,2021,132,23,19,3
27660,2019,36,23,15,4
27660,2020,51,13,7,4
27660,2021,58,13,10,3
27745,2019,23,14,9,4
27745,2020,30,8,5,2
27745,2021,8,8,6,2
27787,2019,209,73,37,4
27787,2020,13,8,6,4
27787,2021,109,49,31,4
27800,2019,81,33,20,4
27800,2020,122,17,12,3
27800,2021,74,31,21,4
27810,2019,88,36,28,4
27810,2020,80,25,17,3
27810,2021,25,14,12,2
41001,2019,50719,522,282,4
41001,2020,57771,563,270,4
41001,2021,90995,868,283,4
41006,2019,1004,84,55,4
41006,2020,1611,107,46,4
41006,2021,1090,124,65,4
41013,2019,244,50,40,4
41013,2020,87,26,23,4
41013,2021,125,30,17,4
41016,2019,347,66,49,4
41016,2020,1033,110,74,4
41016,2021,1009,92,63,4
41020,2019,812,144,84,4
41020,2020,1146,162,83,4
41020,2021,1220,146,62,4
41026,2019,110,36,23,3
41026,2020,120,44,24,4
41026,2021,393,44,21,4
41078,2019,621,117,64,4
41078,2020,948,100,46,4
41078,2021,598,139,52,4
41132,2019,4706,259,128,4
41132,2020,4656,208,116,4
41132,2021,5161,313,155,4
41206,2019,220,60,47,4
41206,2020,265,51,41,4
41206,2021,243,51,23,4
41244,2019,350,80,60,4
41244,2020,169,35,29,4
41244,2021,342,55,25,4
41298,2019,6267,368,220,4
41298,2020,8040,336,183,4
41298,2021,7061,260,113,4
41306,2019,1848,273,113,4
41306,2020,2195,232,89,4
41306,2021,3475,300,102,4
41319,2019,698,103,67,4
41319,2020,712,95,45,4
41319,2021,902,134,65,4
41349,2019,1090,95,55,4
41349,2020,649,89,55,4
41349,2021,623,86,45,4
41357,2019,289,61,43,3
41357,2020,179,43,25,4
41357,2021,406,94,55,4
41359,2019,711,138,76,4
41359,2020,1627,184,90,4
41359,2021,2026,190,94,4
41378,2019,479,109,69,3
41378,2020,518,84,54,4
41378,2021,534,117,68,4
41396,2019,4092,302,140,4
41396,2020,3526,294,137,4
41396,2021,6314,427,145,4
41483,2019,343,90,49,4
41483,2020,394,53,26,4
41483,2021,483,46,20,4
41503,2019,454,83,34,4
41503,2020,372,35,14,2
41503,2021,608,48,23,3
41518,2019,258,41,26,4
41518,2020,355,46,25,3
41518,2021,125,45,20,4
41524,2019,2818,305,116,4
41524,2020,3862,335,114,4
41524,2021,3282,311,83,4
41530,2019,726,180,83,4
41530,2020,1468,95,46,4
41530,2021,354,76,41,4
41548,2019,143,24,18,3
41548,2020,274,27,22,4
41548,2021,594,59,29,4
41551,2019,7670,376,213,4
41551,2020,10349,425,196,4
41551,2021,16448,628,217,4
41615,2019,1962,170,105,4
41615,2020,2008,212,115,4
41615,2021,2718,251,112,4
41660,2019,849,123,75,4
41660,2020,731,66,47,4
41660,2021,746,109,41,4
41668,2019,1606,175,113,4
41668,2020,836,84,60,4
41668,2021,6079,132,61,4
41676,2019,982,162,69,4
41676,2020,495,82,40,4
41676,2021,1747,237,85,4
41770,2019,1700,252,97,4
41770,2020,2093,230,89,4
41770,2021,2459,220,81,4
41791,2019,1280,161,96,4
41791,2020,1633,110,60,4
41791,2021,1384,106,47,4
41797,2019,354,87,56,4
41797,2020,646,80,50,4
41797,2021,447,95,47,4
41799,2019,783,105,73,4
41799,2020,1016,137,85,4
41799,2021,762,137,53,4
41801,2019,552,67,45,4
41801,2020,583,62,31,4
41801,2021,580,101,46,4
41807,2019,951,140,52,4
41807,2020,462,37,23,4
41807,2021,1292,172,69,4
41872,2019,464,98,40,4
41872,2020,238,88,34,3
41872,2021,660,149,46,4
41885,2019,775,154,62,4
41885,2020,664,83,45,4
41885,2021,546,98,46,4
44001,2019,18577,298,192,4
44001,2020,31003,255,167,4
44001,2021,26047,230,136,4
44035,2019,1800,118,80,4
44035,2020,2220,71,54,4
44035,2021,2458,118,83,4
44078,2019,6945,103,75,4
44078,2020,8386,86,62,4
44078,2021,14272,166,105,4
44090,2019,1466,112,59,4
44090,2020,1051,99,49,3
44090,2021,2374,86,42,4
44098,2019,1297,66,52,4
44098,2020,345,47,35,4
44098,2021,504,54,39,3
44110,2019,1992,80,41,4
44110,2020,7290,57,24,4
44110,2021,6997,110,51,4
44279,2019,39327,454,143,4
44279,2020,44453,590,151,4
44279,2021,56348,652,168,4
44378,2019,8987,255,93,4
44378,2020,9488,176,64,4
44378,2021,4585,177,61,4
44420,2019,2095,77,26,4
44420,2020,194,40,11,3
44420,2021,30,21,6,3
44430,2019,82854,910,272,4
44430,2020,47996,507,189,4
44430,2021,69959,540,221,4
44560,2019,1097,110,71,4
44560,2020,1402,90,55,4
44560,2021,2604,109,72,4
44650,2019,24270,270,157,4
44650,2020,12005,190,116,4
44650,2021,17607,239,147,4
44847,2019,5074,242,91,4
44847,2020,2060,212,84,4
44847,2021,8290,253,108,4
44855,2019,9565,166,71,4
44855,2020,10835,127,54,4
44855,2021,9524,165,66,4
44874,2019,8723,179,94,4
44874,2020,2749,107,64,4
44874,2021,4830,116,82,4
47001,2019,26724,324,243,4
47001,2020,15187,271,204,4
47001,2021,11178,222,139,4
47030,2019,258,56,37,4
47030,2020,382,46,33,4
47030,2021,104,28,18,4
47053,2019,696,95,72,4
47053,2020,1131,89,62,4
47053,2021,885,108,75,4
47058,2019,885,144,70,4
47058,2020,423,109,71,4
47058,2021,241,63,37,4
47161,2019,320,94,33,4
47161,2020,616,82,33,4
47161,2021,601,102,42,4
47170,2019,503,112,39,4
47170,2020,487,92,33,4
47170,2021,840,155,50,4
47189,2019,15223,764,276,4
47189,2020,8584,685,202,4
47189,2021,3804,308,144,4
47205,2019,202,56,44,4
47205,2020,202,36,34,3
47205,2021,330,61,54,3
47245,2019,1360,287,195,4
47245,2020,2594,290,134,4
47245,2021,1784,236,106,4
47258,2019,297,79,43,4
47258,2020,272,66,35,4
47258,2021,369,66,45,4
47268,2019,429,89,48,4
47268,2020,643,107,51,4
47268,2021,574,149,73,4
47288,2019,6729,263,143,4
47288,2020,5997,306,134,4
47288,2021,6056,437,144,4
47318,2019,1371,230,110,4
47318,2020,741,172,91,4
47318,2021,502,115,68,4
47460,2019,628,227,157,4
47460,2020,441,137,100,4
47460,2021,191,40,26,4
47541,2019,157,37,29,4
47541,2020,77,22,19,2
47541,2021,110,41,36,3
47545,2019,215,66,30,4
47545,2020,200,57,26,4
47545,2021,265,78,32,4
47551,2019,2576,322,111,4
47551,2020,1362,274,103,4
47551,2021,1990,232,101,4
47555,2019,6617,823,321,4
47555,2020,4024,501,291,4
47555,2021,1689,204,113,4
47570,2019,588,70,43,4
47570,2020,435,94,59,4
47570,2021,401,111,79,4
47605,2019,107,47,33,4
47605,2020,116,23,18,3
47605,2021,217,29,20,4
47660,2019,80,34,28,4
47660,2020,51,21,18,3
47660,2021,60,23,18,3
47675,2019,119,58,36,4
47675,2020,149,33,18,3
47675,2021,631,75,39,3
47692,2019,849,141,60,4
47692,2020,330,90,52,4
47692,2021,679,130,74,4
47703,2019,168,55,41,4
47703,2020,87,35,29,4
47703,2021,165,60,49,3
47707,2019,915,283,195,4
47707,2020,770,191,121,4
47707,2021,549,132,62,4
47720,2019,103,31,18,4
47720,2020,91,24,17,4
47720,2021,207,42,26,4
47745,2019,515,73,53,4
47745,2020,145,41,35,4
47745,2021,498,58,49,3
47798,2019,161,50,44,4
47798,2020,208,36,33,4
47798,2021,212,55,44,4
47960,2019,75,18,17,3
47960,2020,62,17,13,3
47960,2021,35,15,14,3
47980,2019,2815,71,53,4
47980,2020,513,87,63,4
47980,2021,739,138,81,4
50001,2019,201859,1558,334,4
50001,2020,78531,970,276,4
50001,2021,53052,982,268,4
50006,2019,6196,445,205,4
50006,2020,6523,447,174,4
50006,2021,6498,440,182,4
50110,2019,198,84,39,4
50110,2020,257,86,34,4
50110,2021,352,98,42,3
50124,2019,217,100,39,4
50124,2020,71,46,20,4
50124,2021,81,53,20,4
50150,2019,822,166,58,4
50150,2020,504,125,44,4
50150,2021,741,185,62,4
50223,2019,539,208,47,4
50223,2020,273,118,32,4
50223,2021,152,62,17,3
50226,2019,6607,404,110,4
50226,2020,2397,376,93,4
50226,2021,1233,265,85,4
50245,2019,373,38,15,4
50245,2020,57,31,12,2
50245,2021,40,28,12,3
50251,2019,242,141,53,4
50251,2020,326,104,37,4
50251,2021,181,65,32,3
50270,2019,118,60,30,4
50270,2020,184,76,24,4
50270,2021,264,104,41,3
50287,2019,1087,263,89,4
50287,2020,635,172,58,3
50287,2021,1772,183,62,4
50313,2019,4471,250,160,4
50313,2020,3410,182,93,4
50313,2021,9169,367,157,4
50318,2019,684,195,83,4
50318,2020,783,180,80,4
50318,2021,530,146,78,4
50325,2019,141,55,31,4
50325,2020,93,38,20,4
50325,2021,51,19,14,3
50330,2019,649,109,61,4
50330,2020,233,83,45,4
50330,2021,149,70,43,4
50350,2019,156,85,51,4
50350,2020,133,68,41,3
50350,2021,191,63,34,4
50370,2019,81,29,22,2
50370,2020,85,29,20,4
50370,2021,34,22,18,4
50400,2019,197,79,55,4
50400,2020,243,63,44,4
50400,2021,392,65,48,4
50450,2019,442,56,43,4
50450,2020,194,56,46,4
50450,2021,153,49,34,4
50568,2019,2003,186,129,4
50568,2020,852,144,87,4
50568,2021,598,144,89,4
50573,2019,768,143,93,4
50573,2020,290,51,45,4
50573,2021,664,125,82,4
50577,2019,209,59,41,4
50577,2020,103,26,23,4
50577,2021,82,27,19,4
50590,2019,168,56,41,4
50590,2020,197,53,40,4
50590,2021,365,77,56,4
50606,2019,719,120,99,4
50606,2020,566,71,64,4
50606,2021,349,69,64,4
50680,2019,265,97,65,4
50680,2020,143,53,34,4
50680,2021,219,72,46,4
50683,2019,205,52,32,4
50683,2020,182,53,30,4
50683,2021,115,33,23,4
50686,2019,29,14,13,2
50686,2020,28,9,8,1
50686,2021,20,14,12,3
50689,2019,900,163,91,4
50689,2020,1712,275,115,4
50689,2021,2188,242,106,4
50711,2019,791,161,70,4
50711,2020,652,132,55,4
50711,2021,1050,157,77,4
52001,2019,180909,740,250,4
52001,2020,181141,897,324,4
52001,2021,95687,542,238,4
52019,2019,1712,87,47,3
52019,2020,648,50,23,4
52019,2021,598,96,45,4
52022,2019,521,10,9,3
52022,2020,107,19,18,4
52022,2021,378,38,32,4
52036,2019,2275,123,72,4
52036,2020,1353,87,48,4
52036,2021,886,70,34,4
52051,2019,519,79,40,4
52051,2020,1340,142,34,4
52051,2021,567,84,37,4
52079,2019,6074,391,142,4
52079,2020,4475,378,95,4
52079,2021,4897,445,142,4
52083,2019,2814,216,66,4
52083,2020,1405,163,59,4
52083,2021,677,121,52,4
52110,2019,10732,335,145,4
52110,2020,5171,225,86,4
52110,2021,2565,135,74,4
52203,2019,1596,196,85,4
52203,2020,2209,210,79,4
52203,2021,1464,176,69,4
52207,2019,8536,334,109,4
52207,2020,4496,205,72,4
52207,2021,3284,234,81,4
52210,2019,2173,218,81,4
52210,2020,1559,139,44,4
52210,2021,1047,147,40,4
52215,2019,2383,234,88,4
52215,2020,1276,140,78,4
52215,2021,2059,128,43,4
52224,2019,1146,115,44,4
52224,2020,971,132,58,4
52224,2021,753,123,47,4
52227,2019,2730,230,117,4
52227,2020,3604,170,75,4
52227,2021,2710,149,88,4
52233,2019,868,158,57,4
52233,2020,377,87,43,4
52233,2021,454,73,25,4
52240,2019,1340,73,41,4
52240,2020,724,44,28,4
52240,2021,2884,70,38,4
52250,2019,235,57,34,4
52250,2020,358,77,37,4
52250,2021,440,84,55,4
52254,2019,1540,116,58,4
52254,2020,1128,116,48,4
52254,2021,719,90,53,4
52256,2019,578,130,50,4
52256,2020,673,141,47,4
52256,2021,663,85,49,4
52258,2019,1580,96,71,4
52258,2020,1371,93,48,4
52258,2021,685,95,73,4
52260,2019,2213,114,88,4
52260,2020,2344,130,90,4
52260,2021,1323,100,74,4
52287,2019,1347,72,50,4
52287,2020,352,45,27,4
52287,2021,478,49,24,4
52317,2019,978,111,68,4
52317,2020,583,81,58,4
52317,2021,1221,86,43,4
52320,2019,5199,248,108,4
52320,2020,2939,159,76,4
52320,2021,1600,151,69,4
52323,2019,1282,166,57,4
52323,2020,952,141,65,4
52323,2021,869,136,59,4
52352,2019,1339,139,62,4
52352,2020,1444,106,41,3
52352,2021,1051,124,47,4
52354,2019,3386,198,83,4
52354,2020,1022,110,47,4
52354,2021,387,56,38,4
52356,2019,29210,478,232,4
52356,2020,28431,585,201,4
52356,2021,43204,866,246,4
52378,2019,2654,158,95,4
52378,2020,672,89,68,4
52378,2021,2122,126,75,4
52381,2019,8632,150,74,4
52381,2020,3301,128,47,4
52381,2021,1783,72,29,4
52385,2019,601,42,23,4
52385,2020,553,48,24,4
52385,2021,240,42,26,4
52390,2019,94,24,12,4
52390,2020,60,15,11,2
52390,2021,148,31,19,4
52399,2019,9413,379,152,4
52399,2020,6910,264,113,4
52399,2021,8536,398,132,4
52405,2019,952,174,74,4
52405,2020,738,103,51,4
52405,2021,772,75,41,4
52411,2019,1819,118,73,4
52411,2020,1776,142,64,4
52411,2021,1036,85,49,4
52418,2019,810,55,50,4
52418,2020,538,41,36,4
52418,2021,265,38,35,4
52427,2019,66,21,19,4
52427,2020,41,13,11,4
52427,2021,71,14,11,4
52435,2019,377,25,23,4
52435,2020,226,23,16,4
52435,2021,106,18,18,3
52473,2019,33,20,17,4
52473,2020,36,14,6,3
52473,2021,48,24,21,3
52480,2019,444,30,24,3
52480,2020,22,2,2,1
52480,2021,19,6,6,4
52490,2019,303,56,35,4
52490,2020,423,61,27,4
52490,2021,597,62,35,4
52506,2019,1690,144,84,4
52506,2020,475,74,34,4
52506,2021,378,51,42,4
52520,2019,10315,336,163,4
52520,2020,17350,231,140,4
52520,2021,16951,257,127,4
52540,2019,1522,122,60,4
52540,2020,691,77,47,4
52540,2021,1166,114,52,4
52560,2019,2611,208,96,4
52560,2020,1634,185,73,4
52560,2021,1638,161,75,4
52565,2019,974,127,60,4
52565,2020,583,78,29,4
52565,2021,699,69,37,4
52573,2019,1478,126,56,4
52573,2020,1712,133,49,4
52573,2021,1009,135,59,4
52585,2019,3968,315,130,4
52585,2020,4034,263,98,4
52585,2021,4716,285,91,4
52612,2019,1266,94,56,4
52612,2020,1776,127,50,4
52612,2021,1928,146,50,4
52621,2019,351,67,41,4
52621,2020,612,55,21,4
52621,2021,200,45,24,4
52678,2019,6277,363,149,4
52678,2020,5153,459,103,4
52678,2021,3575,250,76,4
52683,2019,5866,188,92,4
52683,2020,1987,94,56,4
52683,2021,1791,73,50,4
52685,2019,1015,36,26,4
52685,2020,85,8,8,3
52685,2021,226,24,12,3
52687,2019,871,33,24,4
52687,2020,329,47,39,4
52687,2021,710,68,44,4
52693,2019,3076,165,83,4
52693,2020,1361,108,65,4
52693,2021,559,45,35,4
52694,2019,1554,82,39,4
52694,2020,391,50,22,4
52694,2021,334,53,24,4
52696,2019,120,42,13,4
52696,2020,23,18,7,2
52696,2021,308,38,12,4
52699,2019,756,34,22,4
52699,2020,211,27,15,3
52699,2021,612,64,32,4
52720,2019,2425,104,43,4
52720,2020,954,73,30,4
52720,2021,504,78,35,4
52786,2019,4250,308,116,4
52786,2020,4281,287,101,4
52786,2021,2711,252,87,4
52788,2019,6253,289,111,4
52788,2020,6256,268,76,4
52788,2021,3536,240,83,4
52835,2019,6624,205,135,4
52835,2020,4574,231,111,4
52835,2021,8359,287,154,4
52838,2019,5327,170,139,4
52838,2020,3193,92,73,4
52838,2021,3052,90,74,4
52885,2019,1998,88,36,4
52885,2020,886,74,39,4
52885,2021,1778,88,33,3
54001,2019,219472,1461,348,4
54001,2020,190638,1011,337,4
54001,2021,149216,877,290,4
54003,2019,2878,253,143,4
54003,2020,2948,218,122,4
54003,2021,2435,222,125,4
54051,2019,361,56,41,3
54051,2020,109,29,16,4
54051,2021,263,66,36,4
54099,2019,232,35,19,4
54099,2020,162,32,24,3
54099,2021,280,64,38,3
54109,2019,197,45,20,3
54109,2020,413,47,17,3
54109,2021,787,117,50,3
54125,2019,120,53,31,4
54125,2020,131,43,24,2
54125,2021,174,46,25,4
54128,2019,291,87,50,4
54128,2020,522,83,46,4
54128,2021,778,86,48,4
54172,2019,1047,188,99,4
54172,2020,1375,184,80,4
54172,2021,3344,294,124,4
54174,2019,374,129,63,4
54174,2020,267,72,38,4
54174,2021,309,91,49,4
54206,2019,413,73,57,4
54206,2020,824,54,43,4
54206,2021,398,70,61,4
54223,2019,107,24,22,4
54223,2020,287,37,30,4
54223,2021,205,37,32,4
54239,2019,184,44,25,4
54239,2020,89,27,19,3
54239,2021,82,34,24,3
54245,2019,1037,94,60,4
54245,2020,778,62,42,4
54245,2021,408,73,51,4
54250,2019,566,50,38,4
54250,2020,276,42,32,4
54250,2021,152,52,43,4
54261,2019,2196,173,86,4
54261,2020,2140,160,81,4
54261,2021,1828,173,78,4
54313,2019,146,47,19,4
54313,2020,430,42,21,4
54313,2021,131,45,29,2
54344,2019,194,58,40,4
54344,2020,343,54,33,4
54344,2021,273,68,47,3
54347,2019,148,38,23,2
54347,2020,80,29,17,2
54347,2021,71,26,16,3
54377,2019,475,61,35,4
54377,2020,283,55,41,4
54377,2021,228,36,27,4
54385,2019,266,96,66,4
54385,2020,916,95,64,4
54385,2021,594,102,62,4
54398,2019,646,122,66,4
54398,2020,960,100,55,4
54398,2021,1141,157,81,4
54405,2019,10700,490,154,4
54405,2020,9846,390,152,4
54405,2021,12126,523,184,4
54418,2019,164,42,27,4
54418,2020,250,37,17,4
54418,2021,86,36,24,4
54480,2019,206,54,34,3
54480,2020,273,60,35,4
54480,2021,50,23,19,2
54498,2019,11584,302,198,4
54498,2020,25710,439,203,4
54498,2021,30453,618,253,4
54518,2019,4839,295,179,4
54518,2020,5686,242,150,4
54518,2021,4465,244,159,4
54520,2019,131,35,26,4
54520,2020,200,33,28,4
54520,2021,81,33,25,4
54553,2019,172,59,33,4
54553,2020,570,88,38,4
54553,2021,373,89,42,3
54599,2019,294,39,26,4
54599,2020,95,22,16,4
54599,2021,202,45,35,4
54660,2019,131,23,23,4
54660,2020,58,9,9,2
54660,2021,96,15,12,3
54670,2019,176,37,23,3
54670,2020,70,24,17,3
54670,2021,96,30,22,3
54673,2019,213,61,42,4
54673,2020,146,37,34,2
54673,2021,146,50,35,4
54680,2019,52,26,23,4
54680,2020,160,26,20,4
54680,2021,85,23,19,4
54720,2019,618,122,69,4
54720,2020,914,121,71,4
54720,2021,430,88,54,3
54743,2019,77,25,20,4
54743,2020,115,28,26,4
54743,2021,95,27,23,4
54800,2019,338,61,50,4
54800,2020,246,38,30,4
54800,2021,439,71,53,4
54810,2019,1032,170,113,4
54810,2020,1946,168,113,4
54810,2021,1736,176,112,4
54820,2019,458,101,63,4
54820,2020,546,84,58,4
54820,2021,649,120,66,4
54871,2019,106,33,27,3
54871,2020,79,22,18,2
54871,2021,254,40,32,3
54874,2019,7961,349,197,4
54874,2020,9851,417,191,4
54874,2021,8531,478,185,4
63001,2019,134398,1067,344,4
63001,2020,70880,720,317,4
63001,2021,60635,800,302,4
63111,2019,388,97,53,3
63111,2020,706,117,41,4
63111,2021,415,90,43,3
63130,2019,20855,693,234,4
63130,2020,14829,444,197,4
63130,2021,7086,325,165,4
63190,2019,2836,144,104,4
63190,2020,2587,176,100,4
63190,2021,1448,156,90,4
63212,2019,578,89,48,4
63212,2020,414,99,57,4
63212,2021,344,75,46,4
63272,2019,2033,205,114,4
63272,2020,2823,214,98,4
63272,2021,2046,184,100,4
63302,2019,1107,151,71,4
63302,2020,1312,161,76,4
63302,2021,865,165,86,4
63401,2019,5589,354,179,4
63401,2020,4975,367,177,4
63401,2021,4527,350,158,4
63470,2019,2937,195,134,4
63470,2020,3551,208,141,4
63470,2021,1332,128,97,4
63548,2019,119,28,26,4
63548,2020,233,29,25,3
63548,2021,160,32,24,4
63594,2019,3688,294,157,4
63594,2020,3968,276,140,4
63594,2021,3507,238,124,4
63690,2019,549,96,55,4
63690,2020,306,74,48,4
63690,2021,458,88,57,4
66001,2019,122379,1249,332,4
66001,2020,114819,1086,323,4
66001,2021,139191,1515,323,4
66045,2019,1824,253,83,4
66045,2020,1214,168,82,4
66045,2021,1280,224,93,4
66075,2019,548,78,44,4
66075,2020,607,139,70,4
66075,2021,803,161,75,4
66088,2019,2614,233,90,4
66088,2020,4208,235,133,4
66088,2021,2464,248,150,4
66170,2019,26076,484,160,4
66170,2020,28261,459,251,4
66170,2021,17509,414,241,4
66318,2019,1303,253,105,4
66318,2020,2073,248,117,4
66318,2021,1493,235,116,4
66383,2019,592,126,51,4
66383,2020,732,111,65,4
66383,2021,545,120,53,4
66400,2019,9507,450,165,4
66400,2020,7529,391,175,4
66400,2021,6509,356,170,4
66440,2019,1253,208,111,4
66440,2020,1493,182,103,4
66440,2021,1596,239,124,4
66456,2019,1612,238,82,4
66456,2020,2615,264,77,4
66456,2021,2351,344,87,4
66572,2019,1455,266,79,4
66572,2020,953,158,79,4
66572,2021,700,149,83,4
66594,2019,727,131,82,4
66594,2020,612,100,59,4
66594,2021,1058,108,73,4
66682,2019,7506,320,173,4
66682,2020,10831,473,182,4
66682,2021,10315,627,236,4
66687,2019,2302,309,120,4
66687,2020,1421,163,66,4
66687,2021,1012,204,88,4
68001,2019,189781,969,348,4
68001,2020,300726,1295,318,4
68001,2021,205138,954,340,4
68013,2019,67,19,12,4
68013,2020,58,21,18,1
68013,2021,81,25,21,3
68020,2019,182,39,27,4
68020,2020,330,53,30,4
68020,2021,170,61,29,4
68051,2019,1206,177,72,4
68051,2020,1323,139,52,4
68051,2021,1370,221,86,4
68077,2019,5020,396,143,4
68077,2020,3768,279,106,4
68077,2021,1668,146,91,4
68079,2019,674,142,90,4
68079,2020,377,64,53,4
68079,2021,729,92,63,4
68081,2019,21224,692,240,4
68081,2020,17013,634,224,4
68081,2021,23978,572,230,4
68092,2019,546,100,78,4
68092,2020,458,55,45,4
68092,2021,342,71,43,4
68101,2019,832,147,75,4
68101,2020,824,148,61,4
68101,2021,2632,162,66,4
68121,2019,357,86,42,3
68121,2020,249,77,43,3
68121,2021,393,105,40,4
68132,2019,156,45,17,4
68132,2020,222,63,23,4
68132,2021,119,34,19,3
68147,2019,680,158,61,4
68147,2020,722,152,61,4
68147,2021,1317,196,69,4
68152,2019,338,92,39,4
68152,2020,127,56,33,4
68152,2021,118,52,23,4
68160,2019,105,30,11,3
68160,2020,87,39,15,4
68160,2021,37,16,10,2
68162,2019,225,67,36,4
68162,2020,155,37,21,4
68162,2021,218,58,36,4
68167,2019,1426,115,75,4
68167,2020,2372,114,53,4
68167,2021,856,60,27,4
68169,2019,456,83,33,3
68169,2020,164,30,10,2
68169,2021,127,34,14,3
68176,2019,49,45,12,2
68176,2020,251,54,17,4
68176,2021,584,65,25,4
68179,2019,81,46,23,4
68179,2020,104,42,19,2
68179,2021,257,48,19,4
68190,2019,2234,225,87,4
68190,2020,1992,129,51,4
68190,2021,2385,170,80,4
68207,2019,196,61,26,4
68207,2020,343,57,21,4
68207,2021,607,89,42,4
68209,2019,152,68,36,4
68209,2020,70,33,20,2
68209,2021,67,32,21,3
68211,2019,362,112,43,4
68211,2020,390,91,28,4
68211,2021,3028,141,50,4
68217,2019,500,109,44,4
68217,2020,242,63,25,2
68217,2021,1567,178,55,4
68229,2019,1100,196,71,4
68229,2020,1640,217,68,4
68229,2021,1894,300,94,4
68235,2019,945,204,77,4
68235,2020,1332,214,84,4
68235,2021,1307,204,81,4
68245,2019,345,90,41,3
68245,2020,385,55,23,4
68245,2021,1603,83,33,4
68250,2019,165,51,27,4
68250,2020,182,44,22,4
68250,2021,160,43,23,3
68255,2019,808,141,74,4
68255,2020,1133,139,68,4
68255,2021,748,127,73,4
68264,2019,150,51,36,4
68264,2020,247,42,24,2
68264,2021,72,31,18,4
68266,2019,319,98,54,4
68266,2020,284,38,24,3
68266,2021,138,57,32,4
68271,2019,347,87,43,4
68271,2020,506,118,49,4
68271,2021,478,94,39,4
68276,2019,76645,864,314,4
68276,2020,72887,687,282,4
68276,2021,35647,494,245,4
68296,2019,213,52,41,4
68296,2020,189,46,37,4
68296,2021,619,56,43,4
68298,2019,82,23,19,4
68298,2020,48,17,14,3
68298,2021,53,18,18,2
68307,2019,20380,391,233,4
68307,2020,15085,223,168,4
68307,2021,7964,161,127,4
68318,2019,126,44,34,4
68318,2020,364,41,27,3
68318,2021,198,46,38,4
68320,2019,263,49,37,4
68320,2020,357,48,26,3
68320,2021,405,89,35,4
68322,2019,181,65,29,3
68322,2020,413,85,32,3
68322,2021,667,134,46,4
68324,2019,119,42,19,3
68324,2020,91,42,20,3
68324,2021,97,31,18,2
68327,2019,228,53,27,4
68327,2020,158,53,34,4
68327,2021,201,41,24,4
68344,2019,140,48,23,3
68344,2020,60,30,15,4
68344,2021,61,11,8,2
68368,2019,130,44,21,4
68368,2020,189,32,18,1
68368,2021,277,76,34,4
68370,2019,17,11,8,2
68370,2020,11,6,5,2
68370,2021,18,12,7,2
68377,2019,310,88,60,4
68377,2020,278,68,46,4
68377,2021,860,118,62,4
68385,2019,761,123,52,4
68385,2020,604,135,47,4
68385,2021,503,105,36,4
68397,2019,175,76,27,3
68397,2020,83,38,17,4
68397,2021,200,64,27,4
68406,2019,6549,482,164,4
68406,2020,7399,308,146,4
68406,2021,7004,282,144,4
68418,2019,534,120,58,4
68418,2020,1044,188,69,4
68418,2021,813,163,53,4
68425,2019,183,69,20,4
68425,2020,86,40,16,2
68425,2021,171,49,19,2
68432,2019,2086,246,94,4
68432,2020,1212,123,65,4
68432,2021,1048,83,55,4
68444,2019,150,32,31,4
68444,2020,202,35,31,4
68444,2021,82,12,11,3
68464,2019,382,94,46,4
68464,2020,1416,124,55,4
68464,2021,220,45,31,4
68468,2019,118,21,10,4
68468,2020,257,35,11,4
68468,2021,208,42,16,4
68498,2019,389,100,35,4
68498,2020,282,74,33,4
68498,2021,687,168,54,4
68500,2019,1128,134,60,4
68500,2020,2655,104,45,4
68500,2021,895,93,49,4
68502,2019,306,68,31,4
68502,2020,577,63,27,4
68502,2021,282,44,23,4
68522,2019,109,45,18,4
68522,2020,82,22,10,2
68522,2021,98,37,16,3
68524,2019,91,35,19,4
68524,2020,90,27,17,3
68524,2021,78,19,12,3
68533,2019,560,54,42,4
68533,2020,162,34,25,3
68533,2021,360,49,34,4
68547,2019,13715,552,205,4
68547,2020,23424,506,201,4
68547,2021,22778,560,214,4
68549,2019,425,100,53,4
68549,2020,293,64,34,4
68549,2021,460,64,37,4
68572,2019,690,102,67,4
68572,2020,510,76,57,4
68572,2021,950,96,74,4
68573,2019,167,55,36,4
68573,2020,140,42,31,4
68573,2021,118,47,35,4
68575,2019,1055,186,91,4
68575,2020,734,100,52,4
68575,2021,579,113,61,4
68615,2019,1141,201,88,4
68615,2020,2329,326,86,4
68615,2021,3838,306,104,4
68655,2019,2072,267,107,4
68655,2020,2332,292,96,4
68655,2021,1477,245,92,4
68669,2019,308,57,39,4
68669,2020,664,75,43,4
68669,2021,385,108,60,4
68673,2019,197,65,32,4
68673,2020,102,42,25,3
68673,2021,202,63,35,4
68679,2019,29236,538,222,4
68679,2020,8971,310,157,4
68679,2021,7015,353,197,4
68682,2019,4787,243,117,4
68682,2020,6167,259,109,4
68682,2021,2066,185,94,4
68684,2019,344,104,61,4
68684,2020,231,63,39,4
68684,2021,355,79,46,4
68686,2019,544,115,65,4
68686,2020,522,105,52,4
68686,2021,532,138,54,4
68689,2019,1987,227,115,4
68689,2020,2959,204,105,4
68689,2021,3220,212,126,4
68705,2019,106,41,28,4
68705,2020,150,33,25,4
68705,2021,97,26,19,4
68720,2019,89,40,33,4
68720,2020,65,28,25,3
68720,2021,169,46,30,4
68745,2019,411,59,44,3
68745,2020,140,40,31,4
68745,2021,426,65,47,4
68755,2019,4150,166,111,4
68755,2020,3132,121,80,4
68755,2021,5301,261,134,4
68770,2019,692,160,77,4
68770,2020,378,68,48,4
68770,2021,324,88,57,4
68773,2019,154,62,47,3
68773,2020,164,37,26,3
68773,2021,288,47,28,4
68780,2019,146,46,35,4
68780,2020,353,78,47,4
68780,2021,719,94,47,4
68820,2019,616,112,57,4
68820,2020,329,91,50,4
68820,2021,275,80,46,4
68855,2019,360,71,43,4
68855,2020,555,70,31,4
68855,2021,1245,143,59,4
68861,2019,1559,223,109,4
68861,2020,1271,155,84,4
68861,2021,1481,156,99,4
68867,2019,93,26,19,3
68867,2020,77,19,12,4
68867,2021,35,24,14,4
68872,2019,451,125,76,4
68872,2020,1039,118,61,4
68872,2021,818,144,73,4
68895,2019,1362,198,114,4
68895,2020,1595,191,102,4
68895,2021,2582,231,113,4
70001,2019,69889,1201,384,4
70001,2020,33349,756,298,4
70001,2021,67338,863,216,4
70110,2019,5370,245,88,4
70110,2020,6419,287,77,4
70110,2021,1893,234,71,4
70124,2019,404,80,39,4
70124,2020,219,51,29,3
70124,2021,87,45,27,4
70204,2019,580,103,69,3
70204,2020,234,51,33,4
70204,2021,606,66,31,4
70215,2019,8893,747,295,4
70215,2020,5289,566,279,4
70215,2021,6959,359,156,4
70221,2019,1461,203,96,4
70221,2020,502,131,68,4
70221,2021,1273,198,65,4
70230,2019,864,243,95,4
70230,2020,460,97,50,4
70230,2021,386,107,41,4
70233,2019,390,57,31,4
70233,2020,295,66,35,4
70233,2021,3383,188,54,4
70235,2019,1074,353,142,4
70235,2020,541,159,117,4
70235,2021,1997,146,81,4
70265,2019,400,89,51,4
70265,2020,370,64,22,3
70265,2021,161,40,17,3
70400,2019,611,171,67,4
70400,2020,435,148,62,4
70400,2021,1321,206,76,4
70418,2019,2354,280,145,4
70418,2020,1462,218,95,4
70418,2021,3503,243,82,4
70429,2019,1423,210,94,4
70429,2020,839,137,65,4
70429,2021,722,134,61,4
70473,2019,2356,297,157,4
70473,2020,1328,233,127,4
70473,2021,3398,248,94,4
70508,2019,2270,375,179,4
70508,2020,2866,365,163,4
70508,2021,12447,373,129,4
70523,2019,1174,105,51,4
70523,2020,773,119,49,3
70523,2021,1053,130,55,4
70670,2019,4930,295,165,4
70670,2020,3050,357,158,4
70670,2021,3704,241,102,4
70678,2019,149,42,37,4
70678,2020,185,51,43,4
70678,2021,1025,111,50,4
70702,2019,1609,204,100,4
70702,2020,671,118,73,4
70702,2021,1012,160,96,4
70708,2019,1268,373,235,4
70708,2020,1343,341,193,4
70708,2021,2879,247,98,4
70713,2019,4420,406,211,4
70713,2020,4486,625,269,4
70713,2021,7133,588,143,4
70717,2019,3085,449,191,4
70717,2020,4041,302,151,4
70717,2021,1827,172,79,4
70742,2019,2184,273,173,4
70742,2020,2186,359,148,4
70742,2021,2603,172,68,4
70771,2019,1110,229,89,4
70771,2020,777,170,67,4
70771,2021,3130,236,100,4
70820,2019,4581,429,162,4
70820,2020,2009,307,128,4
70820,2021,3485,293,133,4
70823,2019,1989,243,93,4
70823,2020,1239,229,85,4
70823,2021,3035,353,104,4
73001,2019,91545,1169,306,4
73001,2020,89073,1064,322,4
73001,2021,57419,780,271,4
73024,2019,173,60,41,4
73024,2020,408,89,50,4
73024,2021,303,75,43,4
73026,2019,601,153,77,4
73026,2020,737,115,70,4
73026,2021,415,91,43,4
73030,2019,462,115,55,4
73030,2020,646,93,62,4
73030,2021,438,75,49,4
73043,2019,260,97,45,4
73043,2020,494,108,70,4
73043,2021,531,114,53,4
73055,2019,814,169,76,4
73055,2020,653,116,65,4
73055,2021,428,88,41,4
73067,2019,694,148,85,4
73067,2020,397,92,60,4
73067,2021,397,117,56,4
73124,2019,1581,287,99,4
73124,2020,1776,251,121,4
73124,2021,1820,246,113,4
73148,2019,522,147,72,4
73148,2020,256,91,73,4
73148,2021,379,91,63,4
73152,2019,283,66,43,4
73152,2020,282,44,34,4
73152,2021,277,58,42,3
73168,2019,741,96,45,4
73168,2020,759,96,80,4
73168,2021,1163,142,62,4
73200,2019,121,43,27,3
73200,2020,166,43,22,2
73200,2021,61,28,16,3
73217,2019,946,177,67,4
73217,2020,640,124,54,4
73217,2021,924,153,55,4
73226,2019,665,215,64,4
73226,2020,732,137,46,4
73226,2021,850,151,54,4
73236,2019,280,80,35,3
73236,2020,704,95,43,4
73236,2021,334,74,24,4
73268,2019,12295,661,227,4
73268,2020,11725,444,166,4
73268,2021,8698,405,122,4
73270,2019,341,109,50,4
73270,2020,369,107,51,4
73270,2021,189,46,26,4
73275,2019,1242,212,75,4
73275,2020,1830,280,88,4
73275,2021,1093,225,76,4
73283,2019,2331,395,134,4
73283,2020,1620,238,106,4
73283,2021,2237,243,76,4
73319,2019,1544,187,92,4
73319,2020,1788,187,88,4
73319,2021,1286,116,72,4
73347,2019,352,85,62,4
73347,2020,923,126,62,4
73347,2021,640,103,46,4
73349,2019,2111,230,77,4
73349,2020,4068,315,111,4
73349,2021,2383,291,81,4
73352,2019,1470,283,85,4
73352,2020,1418,291,92,4
73352,2021,1216,300,74,4
73408,2019,5470,529,155,4
73408,2020,6151,384,141,4
73408,2021,4324,341,141,4
73411,2019,3789,320,121,4
73411,2020,6004,418,171,4
73411,2021,9009,541,135,4
73443,2019,5513,585,142,4
73443,2020,9240,672,150,4
73443,2021,7932,446,115,4
73449,2019,2534,311,167,4
73449,2020,2916,240,133,4
73449,2021,2993,281,136,4
73461,2019,132,50,37,3
73461,2020,238,40,31,4
73461,2021,73,32,22,2
73483,2019,277,67,43,4
73483,2020,471,73,54,4
73483,2021,465,84,52,4
73504,2019,538,125,60,4
73504,2020,1310,173,96,4
73504,2021,1071,157,81,4
73520,2019,1001,171,88,4
73520,2020,808,124,65,4
73520,2021,575,105,67,4
73547,2019,186,61,35,4
73547,2020,485,76,37,4
73547,2021,215,71,31,3
73555,2019,914,160,76,4
73555,2020,541,133,71,4
73555,2021,801,111,44,4
73563,2019,724,141,73,4
73563,2020,462,103,63,4
73563,2021,561,122,54,4
73585,2019,2525,217,94,4
73585,2020,1173,156,87,4
73585,2021,840,96,52,4
73616,2019,125,45,28,3
73616,2020,213,49,35,3
73616,2021,130,44,30,3
73622,2019,121,39,33,3
73622,2020,90,28,21,3
73622,2021,87,29,18,4
73624,2019,1128,172,91,4
73624,2020,1199,145,101,4
73624,2021,1418,136,52,4
73671,2019,346,79,34,3
73671,2020,366,89,52,4
73671,2021,317,93,38,4
73675,2019,375,97,34,3
73675,2020,420,78,45,4
73675,2021,228,73,32,4
73678,2019,1273,154,73,4
73678,2020,616,124,66,4
73678,2021,608,111,53,4
73686,2019,401,81,40,4
73686,2020,508,101,41,4
73686,2021,300,82,25,4
73770,2019,421,114,39,4
73770,2020,197,60,25,3
73770,2021,128,56,28,3
73854,2019,447,99,33,4
73854,2020,230,51,24,4
73854,2021,135,44,23,4
73861,2019,573,120,45,4
73861,2020,1686,152,79,4
73861,2021,1193,142,77,4
73870,2019,249,75,32,4
73870,2020,278,41,30,3
73870,2021,291,58,35,4
73873,2019,59,21,12,3
73873,2020,172,31,28,3
73873,2021,260,47,22,4
76001,2019,294206,1152,337,4
76001,2020,202823,550,304,4
76001,2021,342869,1317,362,4
76020,2019,1708,190,107,4
76020,2020,2208,195,108,4
76020,2021,752,126,55,4
76036,2019,4250,247,146,4
76036,2020,3136,200,122,4
76036,2021,1641,131,67,4
76041,2019,1997,257,108,4
76041,2020,786,172,55,3
76041,2021,1628,245,70,4
76054,2019,207,70,34,4
76054,2020,185,60,30,4
76054,2021,223,57,22,4
76100,2019,572,92,81,4
76100,2020,551,107,73,4
76100,2021,309,81,43,4
76109,2019,13842,477,154,4
76109,2020,20528,513,178,4
76109,2021,20420,448,194,4
76111,2019,32116,815,265,4
76111,2020,43775,926,254,4
76111,2021,33149,776,230,4
76113,2019,4205,353,129,4
76113,2020,4683,326,144,4
76113,2021,3078,250,87,4
76122,2019,3200,258,111,4
76122,2020,2450,172,108,4
76122,2021,3079,205,89,4
76126,2019,606,90,64,4
76126,2020,661,82,59,4
76126,2021,942,137,75,4
76130,2019,14669,471,190,4
76130,2020,17227,628,198,4
76130,2021,14785,641,187,4
76147,2019,28565,683,220,4
76147,2020,20884,627,238,4
76147,2021,33507,911,221,4
76233,2019,952,155,96,4
76233,2020,1166,127,96,4
76233,2021,577,86,59,4
76243,2019,154,48,40,4
76243,2020,154,34,29,3
76243,2021,439,56,26,4
76246,2019,531,101,50,4
76246,2020,358,72,52,4
76246,2021,214,68,55,4
76248,2019,8760,419,138,4
76248,2020,9509,400,174,4
76248,2021,5739,263,154,4
76250,2019,390,83,55,4
76250,2020,263,41,34,4
76250,2021,44,19,13,3
76275,2019,3709,211,115,4
76275,2020,3326,158,130,4
76275,2021,2245,153,62,4
76306,2019,1177,144,65,4
76306,2020,1583,173,78,4
76306,2021,2053,204,61,4
76318,2019,6270,272,128,4
76318,2020,3835,202,142,4
76318,2021,4502,208,105,4
76364,2019,4007,273,125,4
76364,2020,8951,385,195,4
76364,2021,16660,600,207,4
76377,2019,553,131,62,4
76377,2020,663,116,62,4
76377,2021,488,120,79,4
76400,2019,5284,431,153,4
76400,2020,4252,403,148,4
76400,2021,3587,385,150,4
76403,2019,1021,166,90,4
76403,2020,945,139,74,4
76403,2021,841,152,77,4
76497,2019,1735,302,114,4
76497,2020,2885,334,120,4
76497,2021,1548,219,97,4
76520,2019,81625,1043,287,4
76520,2020,72726,860,300,4
76520,2021,58842,573,273,4
76563,2019,10919,384,187,4
76563,2020,4920,204,101,4
76563,2021,2483,194,107,4
76606,2019,1295,152,95,4
76606,2020,1162,84,55,4
76606,2021,712,73,54,4
76616,2019,342,66,46,4
76616,2020,783,72,39,4
76616,2021,1059,110,59,4
76622,2019,3461,303,174,4
76622,2020,4580,423,165,4
76622,2021,7106,419,181,4
76670,2019,1499,167,103,4
76670,2020,3354,183,104,4
76670,2021,2228,196,101,4
76736,2019,9946,509,188,4
76736,2020,11625,476,156,4
76736,2021,9382,551,149,4
76823,2019,1056,147,64,4
76823,2020,763,139,76,4
76823,2021,412,104,62,2
76828,2019,1422,214,125,4
76828,2020,1725,209,106,4
76828,2021,1103,187,89,4
76834,2019,68613,824,232,4
76834,2020,33353,588,222,4
76834,2021,29374,516,234,4
76845,2019,92,26,19,4
76845,2020,186,57,31,4
76845,2021,231,46,36,4
76863,2019,341,67,44,4
76863,2020,319,113,46,3
76863,2021,611,59,31,4
76869,2019,235,66,26,4
76869,2020,1877,150,55,4
76869,2021,2788,211,71,4
76890,2019,2103,275,128,4
76890,2020,2134,264,110,4
76890,2021,1296,207,92,4
76892,2019,9891,500,194,4
76892,2020,6245,287,113,4
76892,2021,6165,381,173,4
76895,2019,6640,383,207,4
76895,2020,7761,415,189,4
76895,2021,5435,358,162,4
81001,2019,8295,220,88,4
81001,2020,4931,240,115,4
81001,2021,6654,265,148,4
81065,2019,2363,327,124,4
81065,2020,2482,256,101,4
81065,2021,3089,313,122,4
81220,2019,176,38,14,4
81220,2020,129,32,13,4
81220,2021,54,30,14,2
81300,2019,797,195,71,4
81300,2020,608,123,61,3
81300,2021,627,111,55,4
81591,2019,22,19,13,3
81591,2020,88,23,15,4
81591,2021,33,20,9,4
81736,2019,2533,201,139,4
81736,2020,3347,179,112,4
81736,2021,5565,285,138,4
81794,2019,2005,243,129,4
81794,2020,3163,215,130,4
81794,2021,5575,230,132,4
85001,2019,1377,27,27,3
85001,2020,530,23,21,3
85001,2021,1037,18,17,2
85010,2019,145,15,10,2
85010,2020,11,4,4,1
85010,2021,56,8,8,3
85015,2019,2,1,1,1
85125,2019,39,2,2,1
85125,2021,46,8,6,1
85230,2019,9,1,1,1
85230,2020,6,3,3,1
85250,2019,281,17,10,3
85250,2020,39,6,6,3
85250,2021,112,16,15,3
85263,2019,6,5,5,3
85263,2020,14,6,6,3
85263,2021,11,4,3,2
85279,2019,29,5,5,1
85430,2021,9,1,1,1
85440,2019,263,17,14,2
85440,2020,100,11,11,3
85440,2021,178,29,15,4
